1.000000000000000000e+00,1.440408039093017578e+03,1.474319715793927344e+03,4.676178474939465559e+02,4.705529547128081163e+02,4.926342660188674927e+02,4.674373550415039062e+02,2.159533513933420181e+04,-1.388922023638242464e+00,2.624362902865584601e-02,-6.583351964836907655e-01,-1.576528632531672969e-01
1.000000000000000000e+00,1.435197515487670898e+03,1.498038134181499345e+03,4.670521081692874077e+02,4.703824390383661012e+02,4.911504433751106262e+02,4.639565431177616119e+02,2.165800574439764023e+04,-1.389522991814894581e+00,4.947724971997047305e-02,-6.558338584190757103e-01,-1.655852477152848223e-01
1.000000000000000000e+00,1.431883163452148438e+03,1.535527081120014145e+03,4.667081538077294454e+02,4.701892082282006982e+02,4.882326335310935974e+02,4.639759789407253265e+02,2.163414537811279297e+04,-1.394290132946949257e+00,5.867681253465661939e-02,-6.523438917159332107e-01,-1.725144635685804673e-01
1.000000000000000000e+00,1.441923122406005859e+03,1.557551927566528320e+03,4.667976047146618157e+02,4.701108882501721382e+02,4.859330046772956848e+02,4.583473147749900818e+02,2.131349306434392929e+04,-1.397252446351620492e+00,5.974376466696185162e-02,-6.524756441404342411e-01,-1.671296156421817614e-01
1.000000000000000000e+00,1.437323970794677734e+03,1.563434970092773256e+03,4.665647211479544580e+02,4.698305426559746252e+02,4.853881925344467163e+02,4.616125607192516327e+02,2.160789065504074097e+04,-1.394713298419535619e+00,5.955965743761026943e-02,-6.503034444096869038e-01,-1.616615673641454975e-01
1.000000000000000000e+00,1.438380289077758789e+03,1.589928917034467077e+03,4.662736258850991362e+02,4.697573784736395055e+02,4.854529232382774353e+02,4.661238034963607788e+02,2.178513116633892059e+04,-1.395052308495030147e+00,6.108812962516907419e-02,-6.492668366580858219e-01,-1.626504722152635196e-01
1.000000000000000000e+00,1.440527687072753906e+03,1.601045107158025075e+03,4.662038773984014597e+02,4.697814829337895048e+02,4.852532492280006409e+02,4.676135787069797516e+02,2.211921723479032516e+04,-1.398778224336195919e+00,5.354144646010894348e-02,-6.484664511974287393e-01,-1.606795149986872673e-01
1.000000000000000000e+00,1.439236536026000977e+03,1.599277035903930482e+03,4.664313587917685595e+02,4.699267501859962977e+02,4.878917590975761414e+02,4.675813794732093811e+02,2.221006676471233368e+04,-1.395207063849284168e+00,5.027917705755413635e-02,-6.518023507384889115e-01,-1.545572455039039284e-01
1.000000000000000000e+00,1.458212242126464844e+03,1.583333496284484681e+03,4.664413507334589895e+02,4.696606101154089288e+02,4.897034989595413208e+02,4.657207731902599335e+02,2.216516432082653046e+04,-1.390754117342051899e+00,5.933667287636268384e-02,-6.537909352935038498e-01,-1.612952681843484726e-01
1.000000000000000000e+00,1.483690223693847656e+03,1.570643551087379365e+03,4.661492079799174917e+02,4.693526612578034474e+02,4.859691630601882935e+02,4.670994153618812561e+02,2.261328806948661804e+04,-1.387552086683887964e+00,7.522761755439688613e-02,-6.517226390653014789e-01,-1.648560314838061203e-01
1.000000000000000000e+00,1.485254230499267578e+03,1.554537623564402111e+03,4.663785332767367322e+02,4.694429450398683912e+02,4.818035844564437866e+02,4.653366803526878357e+02,2.272132334947586060e+04,-1.379814194893933532e+00,7.800319547664003039e-02,-6.514192460160543874e-01,-1.582001504018499816e-01
1.000000000000000000e+00,1.479338092803955078e+03,1.511733991762002233e+03,4.664738053532838649e+02,4.695121228807866487e+02,4.840661689639091492e+02,4.630409829616546631e+02,2.260600594961643219e+04,-1.384922951723803308e+00,7.891200253004626575e-02,-6.478949576606929384e-01,-1.490632283639037325e-01
1.000000000000000000e+00,1.484119205474853516e+03,1.516761493790149643e+03,4.663822322781979892e+02,4.695845015849769197e+02,4.904669779539108276e+02,4.566659499704837799e+02,2.245779883027076721e+04,-1.389664812115485759e+00,8.978790318106177892e-02,-6.446884479975878435e-01,-1.455877535125722488e-01
1.000000000000000000e+00,1.480372352600097656e+03,1.533231335008144242e+03,4.663801484913826130e+02,4.696527808261513997e+02,4.967048804163932800e+02,4.520824181139469147e+02,2.237962631678581238e+04,-1.383543429801626701e+00,9.577488050548055298e-02,-6.441751443059153814e-01,-1.437863732587185694e-01
1.000000000000000000e+00,1.471536426544189453e+03,1.552642182517051651e+03,4.661876181040406095e+02,4.697918216106295404e+02,5.012043564915657043e+02,4.512129280567169189e+02,2.223220895218849182e+04,-1.382106087879384049e+00,9.486409663858808017e-02,-6.460375268026297135e-01,-1.448996227852425989e-01
1.000000000000000000e+00,1.467794895172119141e+03,1.560068425099054821e+03,4.662549485664367808e+02,4.698343107205033675e+02,4.999130094051361084e+02,4.478183868229389191e+02,2.211555372363328934e+04,-1.380292915956712108e+00,9.537846350770706749e-02,-6.455595642181926053e-01,-1.505650697059763843e-01
1.000000000000000000e+00,1.460633869171142578e+03,1.575607368218898728e+03,4.664259550192057873e+02,4.699653198714554492e+02,4.965107990503311157e+02,4.421113148927688599e+02,2.183833660036325455e+04,-1.372104220485985238e+00,9.428014593475353422e-02,-6.499224271427621602e-01,-1.542479425353029399e-01
1.000000000000000000e+00,1.457543277740478516e+03,1.567959859244028621e+03,4.665777979896962506e+02,4.697024858194291710e+02,4.936991387009620667e+02,4.405775183737277985e+02,2.169892903935909271e+04,-1.369973503852650154e+00,9.445226049562194248e-02,-6.524407561243172893e-01,-1.600415574067035607e-01
1.000000000000000000e+00,1.435473976135253906e+03,1.557726503145694551e+03,4.663314681608677006e+02,4.693381960324942952e+02,4.929597468376159668e+02,4.398563441336154938e+02,2.178135804039239883e+04,-1.373600188910440778e+00,9.626921566460566737e-02,-6.493884916233767512e-01,-1.658189086533408130e-01
1.000000000000000000e+00,1.429963388442993164e+03,1.545820345652103242e+03,4.662277777774929746e+02,4.693468251392543493e+02,4.925102865099906921e+02,4.408604729473590851e+02,2.162781149220466614e+04,-1.382977761603555678e+00,8.437235674173138023e-02,-6.485182815850087934e-01,-1.656120106421106186e-01
1.000000000000000000e+00,1.438722581863403320e+03,1.540316494329770421e+03,4.662170725826024977e+02,4.693523967763185851e+02,4.948016094565391541e+02,4.447921848893165588e+02,2.191999433588981628e+04,-1.386221978527862220e+00,7.347009857756603424e-02,-6.477389001340547736e-01,-1.658946095035052082e-01
1.000000000000000000e+00,1.443028106689453125e+03,1.587305133624871587e+03,4.659075942580103629e+02,4.697513479771316156e+02,4.947016063332557678e+02,4.457001866698265076e+02,2.238223065853118896e+04,-1.388840008573771101e+00,4.921683749005012487e-02,-6.512018917338266988e-01,-1.735775693695682520e-01
1.000000000000000000e+00,1.443237876892089844e+03,1.606217316377162888e+03,4.662653563059568569e+02,4.699060600862205206e+02,4.933881655335426331e+02,4.450270205736160278e+02,2.277584812295436859e+04,-1.381070508103523053e+00,3.048705685821317957e-02,-6.526773667790770617e-01,-1.661795317398659932e-01
1.000000000000000000e+00,1.430354862213134766e+03,1.608237552356719789e+03,4.669988204789757447e+02,4.703790645095407967e+02,4.959509255290031433e+02,4.511076645255088806e+02,2.346878791964054108e+04,-1.372887985476150874e+00,-1.340571442750615461e-02,-6.546499636903426733e-01,-1.474567469189231872e-01
1.000000000000000000e+00,1.485124282836914062e+03,1.550134954484303762e+03,4.679484787335097735e+02,4.710507120538949835e+02,5.005723876953125000e+02,4.529910289943218231e+02,2.092935397756099701e+04,-1.408388534937301984e+00,-3.526057360595302725e-02,-6.624718617583109648e-01,-1.666493240399926634e-01
1.000000000000000000e+00,1.506091518402099609e+03,1.591528420718510915e+03,4.680535652380585816e+02,4.711306460062861561e+02,4.988958680033683777e+02,4.398728452026844025e+02,2.045942480975389481e+04,-1.405418001414595608e+00,-1.971912955228560804e-02,-6.621737763478794392e-01,-1.637850732636287887e-01
1.000000000000000000e+00,1.525466251373291016e+03,1.605015199581781872e+03,4.683273409220874441e+02,4.709959707595705822e+02,5.003588705062866211e+02,4.336047092378139496e+02,2.024152909749746323e+04,-1.401012359360207071e+00,-1.874829574717296055e-03,-6.595992236130783226e-01,-1.587610542924231538e-01
1.000000000000000000e+00,1.525044651031494141e+03,1.627329975382486964e+03,4.679875317450463399e+02,4.712869131390452253e+02,5.001696619391441345e+02,4.282553727328777313e+02,2.022999181073904037e+04,-1.402586248299773075e+00,7.354517229828161362e-03,-6.584091312451185729e-01,-1.635883510465543367e-01
1.000000000000000000e+00,1.525642204284667969e+03,1.636800314323107386e+03,4.677147283882498527e+02,4.711890964144468512e+02,4.977114456295967102e+02,4.293713267445564270e+02,2.041331660318374634e+04,-1.404098191670598794e+00,3.074522869951579196e-02,-6.581313702077125072e-01,-1.680219680880590261e-01
1.000000000000000000e+00,1.517328815460205078e+03,1.656124989815552908e+03,4.674961050878762876e+02,4.709960249304771764e+02,5.000070876479148865e+02,4.351508538722991943e+02,2.086528611409664154e+04,-1.400980161312959993e+00,5.267586572826843394e-02,-6.553793109363645897e-01,-1.813844621737015217e-01
1.000000000000000000e+00,1.505730514526367188e+03,1.660081864619254929e+03,4.673390694421827902e+02,4.710764400479793608e+02,4.992680833935737610e+02,4.354110779464244843e+02,2.125901583462953568e+04,-1.410702730809044070e+00,7.423670684752892157e-02,-6.483219960397867965e-01,-1.875017320008360855e-01
1.000000000000000000e+00,1.490864295959472656e+03,1.673098817169666290e+03,4.671207180096208731e+02,4.711279629531503019e+02,4.953495224714279175e+02,4.364632149040699005e+02,2.132123213261365891e+04,-1.420386402086199595e+00,8.439818710461821638e-02,-6.440264333281255915e-01,-1.849241386396052178e-01
1.000000000000000000e+00,1.480103015899658203e+03,1.648847917517026190e+03,4.672459387244581990e+02,4.708269033602476270e+02,4.940750640630722046e+02,4.418696960508823395e+02,2.133479002934694290e+04,-1.421584740199156371e+00,9.884632151283057055e-02,-6.408455233132102080e-01,-1.718645950036687964e-01
1.000000000000000000e+00,1.477073364257812500e+03,1.628832320976257279e+03,4.673525316965281604e+02,4.705610644161701543e+02,4.938021873235702515e+02,4.486534350514411926e+02,2.157402892971038818e+04,-1.416760337414675774e+00,1.087423816125010489e-01,-6.393500151677962151e-01,-1.570948709337542937e-01
1.000000000000000000e+00,1.459944305419921875e+03,1.614957596381505255e+03,4.674662667959332225e+02,4.704779885511994735e+02,4.941729076504707336e+02,4.625623688995838165e+02,2.183667388927936554e+04,-1.411332143696029107e+00,9.371622694091286121e-02,-6.404560753151180563e-01,-1.533920288436423363e-01
1.000000000000000000e+00,1.453374481201171875e+03,1.619224999427795410e+03,4.675752873876392641e+02,4.706025115327238950e+02,4.935719475746154785e+02,4.627364884018898010e+02,2.186651024258136749e+04,-1.402182904168411071e+00,7.608001952966247927e-02,-6.436928449922021400e-01,-1.523350108732621777e-01
1.000000000000000000e+00,1.427371387481689453e+03,1.618813021659851074e+03,4.674657966245412695e+02,4.707843409603238456e+02,4.937851879000663757e+02,4.629520543813705444e+02,2.207113200002908707e+04,-1.392899661207163575e+00,5.674717899695735923e-02,-6.478241621734426303e-01,-1.537693567020763652e-01
1.000000000000000000e+00,1.433556947708129883e+03,1.627144242072105271e+03,4.674448116279244232e+02,4.708168753694891961e+02,4.966608591079711914e+02,4.583999188542366028e+02,2.170909283959865570e+04,-1.399079794100488883e+00,4.847052450521260880e-02,-6.496897648534627479e-01,-1.639573265190339413e-01
1.000000000000000000e+00,1.441814632415771484e+03,1.618871213519573075e+03,4.673002978937923899e+02,4.704354835087061133e+02,4.937175778150558472e+02,4.559931991696357727e+02,2.152296032375097275e+04,-1.403013570360347018e+00,6.019724568070472515e-02,-6.501425161535259178e-01,-1.703519014418173327e-01
1.000000000000000000e+00,1.432068557739257812e+03,1.620460246102015162e+03,4.669607126078903434e+02,4.700996461938023572e+02,4.920989779829978943e+02,4.576661196351051331e+02,2.155569156402349472e+04,-1.405335614118364163e+00,6.425775236900221898e-02,-6.484374048203740415e-01,-1.755668488975867803e-01
1.000000000000000000e+00,1.430054454803466797e+03,1.624478574256102092e+03,4.666198927222787916e+02,4.699731873989999258e+02,4.913125746846199036e+02,4.562443974912166595e+02,2.162721323317289352e+04,-1.412522013536444021e+00,7.034620611904784937e-02,-6.469391781282496368e-01,-1.780266559709744456e-01
1.000000000000000000e+00,1.438031301498413086e+03,1.621752826348940516e+03,4.664412467840015779e+02,4.699244861607551798e+02,4.885738402009010315e+02,4.582962057590484619e+02,2.180181770688295364e+04,-1.419974155411908967e+00,6.609842929982079340e-02,-6.472359042653259564e-01,-1.793728900099313961e-01
1.000000000000000000e+00,1.458935451507568359e+03,1.616413251161575317e+03,4.664317170175909837e+02,4.698371578796208041e+02,4.854004299044609070e+02,4.586367756426334381e+02,2.189076020359992981e+04,-1.421982500854117148e+00,6.952701461035104558e-02,-6.468443526298983670e-01,-1.764105281084127341e-01
1.000000000000000000e+00,1.473267116546630859e+03,1.614558664576212550e+03,4.666808838669955435e+02,4.697935439268052846e+02,4.869185836315155029e+02,4.568236237764358521e+02,2.209151770955324173e+04,-1.414624750749146287e+00,7.152886773408084764e-02,-6.470656229139351012e-01,-1.711806992889357559e-01
1.000000000000000000e+00,1.475289459228515625e+03,1.603577912143866115e+03,4.671722273645996779e+02,4.696221169065237291e+02,4.928796225190162659e+02,4.580769574940204620e+02,2.220498486459255219e+04,-1.407413194667947565e+00,6.566234424475680953e-02,-6.463802740518751477e-01,-1.627527007137761217e-01
1.000000000000000000e+00,1.481685218811035156e+03,1.581664471352100236e+03,4.677385184209942963e+02,4.692729471755623649e+02,4.942922912240028381e+02,4.549499218463897705e+02,2.226142987787723541e+04,-1.386175852808925413e+00,5.470486709054256380e-02,-6.480703524689914730e-01,-1.529128254044120894e-01
1.000000000000000000e+00,1.478084449768066406e+03,1.566591921397050100e+03,4.678018748156726474e+02,4.694729445692598802e+02,4.908908560872077942e+02,4.493817523717880249e+02,2.258649451708793640e+04,-1.373014420197325336e+00,1.788552982127811219e-02,-6.528160612067850366e-01,-1.492162181939562515e-01
1.000000000000000000e+00,1.470455474853515625e+03,1.563431708602110575e+03,4.677396714603602845e+02,4.698444183743596341e+02,4.847122578024864197e+02,4.433923072814941406e+02,2.318580743563175201e+04,-1.366188186026437990e+00,-2.277001169937875602e-02,-6.559981363131477394e-01,-1.515802963367747225e-01
1.000000000000000000e+00,1.447860546112060547e+03,1.554794766354560807e+03,4.668572621078789098e+02,4.704675957034528437e+02,4.993986522555351257e+02,4.714111225605010986e+02,2.206446662843227386e+04,-1.402109884704808351e+00,-6.261246913112472612e-03,-6.619992310854279083e-01,-1.715098832888930502e-01
1.000000000000000000e+00,1.449978332519531250e+03,1.573969241619110107e+03,4.663193492533564495e+02,4.701659338575303764e+02,4.951651867032051086e+02,4.744109117090702057e+02,2.208942578393220901e+04,-1.413336766820636470e+00,3.247849876424879767e-02,-6.538965378877428236e-01,-1.793665374910364818e-01
1.000000000000000000e+00,1.437665061950683594e+03,1.610384643157323126e+03,4.658199296825230249e+02,4.702189639885127690e+02,4.936643646359443665e+02,4.700751727521419525e+02,2.173629315531253815e+04,-1.425122244731094057e+00,4.769376859268703583e-02,-6.493210457740374864e-01,-1.831137295741740445e-01
1.000000000000000000e+00,1.443721961975097656e+03,1.616973884240786219e+03,4.656348836561143116e+02,4.700237081423998120e+02,4.912938033342361450e+02,4.663906999826431274e+02,2.109579413044452667e+04,-1.434394630932672499e+00,6.042761034563426392e-02,-6.441842223101090781e-01,-1.793406274486919472e-01
1.000000000000000000e+00,1.464278240203857422e+03,1.604494905992349004e+03,4.659053969264030570e+02,4.698838101829886682e+02,4.895857765674591064e+02,4.559722682833671570e+02,2.062582138085365295e+04,-1.435542252468318125e+00,8.123238620019179734e-02,-6.416201311255953499e-01,-1.674808569994130636e-01
1.000000000000000000e+00,1.497287178039550781e+03,1.574186559891700654e+03,4.659976864531338379e+02,4.695164597398340902e+02,4.843324563503265381e+02,4.472622232735157013e+02,2.084128707849979401e+04,-1.428776940228830838e+00,9.818066251823154289e-02,-6.428530891497210575e-01,-1.584182535505753719e-01
1.000000000000000000e+00,1.527109565734863281e+03,1.552639092683792114e+03,4.660162742153406157e+02,4.692386139736473751e+02,4.811103734374046326e+02,4.477241701483726501e+02,2.153372238302230835e+04,-1.413476788001053919e+00,1.096382734844638662e-01,-6.455879147767440429e-01,-1.558520123758881937e-01
1.000000000000000000e+00,1.528534355163574219e+03,1.520366814231872468e+03,4.659109606212079484e+02,4.691367264647483921e+02,4.776554205715656281e+02,4.486404224634170532e+02,2.237398973941802979e+04,-1.395708832261874477e+00,1.123093438670679234e-01,-6.467042342015325573e-01,-1.544834268815602485e-01
1.000000000000000000e+00,1.529063072204589844e+03,1.507237254424889898e+03,4.652971534682214383e+02,4.692265673199892149e+02,4.761372391581535339e+02,4.496361069381237030e+02,2.295773207521438599e+04,-1.396123064172218875e+00,1.120520945387255551e-01,-6.434754907099744514e-01,-1.659311364871509653e-01
1.000000000000000000e+00,1.510958118438720703e+03,1.523673794106642390e+03,4.648438218883574109e+02,4.693177751939892914e+02,4.761833369433879852e+02,4.566613540351390839e+02,2.325041676974296570e+04,-1.397625360536595807e+00,1.085298082689476473e-01,-6.412518327736371759e-01,-1.720258195804369450e-01
1.000000000000000000e+00,1.503509387969970703e+03,1.556036707667509745e+03,4.646660219387412099e+02,4.696456223001778199e+02,4.815564006567001343e+02,4.560480458438396454e+02,2.312546647500991821e+04,-1.394893675726608606e+00,9.368275289921257354e-02,-6.423899976630629283e-01,-1.771639486132734476e-01
1.000000000000000000e+00,1.475958251953125000e+03,1.583484211484591015e+03,4.645083657947480447e+02,4.699877912380993621e+02,4.850346931219100952e+02,4.568864718079566956e+02,2.329276505696773529e+04,-1.397895073466088434e+00,6.611055375586971650e-02,-6.422278557699776513e-01,-1.766154850722028158e-01
1.000000000000000000e+00,1.454107818603515625e+03,1.636690968557198858e+03,4.647937982110083226e+02,4.705158683542311451e+02,4.929782413244247437e+02,4.537477248311042786e+02,2.277494479143619537e+04,-1.403686968633648391e+00,3.750777584836839651e-02,-6.462188441591187882e-01,-1.686744835358435779e-01
1.000000000000000000e+00,1.456624031066894531e+03,1.649952189592520426e+03,4.654353902543484764e+02,4.705657709119915921e+02,4.960585147142410278e+02,4.510770711004734039e+02,2.228338453161716461e+04,-1.395389054160650844e+00,1.807042777602418937e-02,-6.516025213734479848e-01,-1.554336578329245100e-01
1.000000000000000000e+00,1.452923011779785156e+03,1.634378914992014415e+03,4.660352250010371336e+02,4.707267636597156866e+02,4.975596136450767517e+02,4.554165200293064117e+02,2.219959128868579865e+04,-1.391706782493354666e+00,1.012442828674409157e-02,-6.574216838798641049e-01,-1.481928744556810784e-01
1.000000000000000000e+00,1.436529865264892578e+03,1.622957174690564443e+03,4.665975595811605103e+02,4.705244528496563703e+02,5.020352794528007507e+02,4.627531279027462006e+02,2.212648746871948242e+04,-1.388391686438065875e+00,5.546787190446877958e-03,-6.617048674948975417e-01,-1.508835485352033601e-01
1.000000000000000000e+00,1.435487279891967773e+03,1.616175505657990698e+03,4.668588181512951678e+02,4.698814218833148288e+02,5.014185935258865356e+02,4.685312430262565613e+02,2.216960702145099640e+04,-1.391247014231026924e+00,1.923424376915505718e-02,-6.601835007920833220e-01,-1.654241995973748658e-01
1.000000000000000000e+00,1.443571071624755859e+03,1.613078977759678992e+03,4.670201077286303075e+02,4.694753153430521593e+02,4.946642297506332397e+02,4.681382905542850494e+02,2.240769298553466797e+04,-1.391423607181872413e+00,2.449691663221642557e-02,-6.603486848683921551e-01,-1.712015214342024194e-01
1.000000000000000000e+00,1.437087163925170898e+03,1.593845795663197805e+03,4.671981859429478732e+02,4.690934200114905934e+02,4.887253953218460083e+02,4.701461328864097595e+02,2.267688049530982971e+04,-1.388459339560460748e+00,2.331109211560544736e-02,-6.582629931776082799e-01,-1.725723126642577654e-01
1.000000000000000000e+00,1.439650926589965820e+03,1.589984190718332911e+03,4.672506788197159722e+02,4.690300161519050448e+02,4.841264144778251648e+02,4.734051770865917206e+02,2.265940023803710938e+04,-1.384936972453433057e+00,1.960021783924048577e-02,-6.574571706235303736e-01,-1.716027006483020756e-01
1.000000000000000000e+00,1.439136028289794922e+03,1.588450088504950145e+03,4.674651169550120926e+02,4.690615101610123929e+02,4.820615105628967285e+02,4.743509707450866699e+02,2.283567402613162994e+04,-1.376599291220733434e+00,2.652117364212358552e-02,-6.567029033659963488e-01,-1.627236144119841299e-01
1.000000000000000000e+00,1.436586256027221680e+03,1.585580491693814565e+03,4.677379427009224742e+02,4.695668195637762778e+02,4.832539619803428650e+02,4.705227780938148499e+02,2.307079378759860992e+04,-1.370114207457961086e+00,8.759372680714250237e-03,-6.587821870538199676e-01,-1.522958664165532383e-01
1.000000000000000000e+00,1.439960174560546875e+03,1.585048697058359721e+03,4.678527636723518413e+02,4.699148469259142757e+02,4.857592450976371765e+02,4.593601094186306000e+02,2.305171553158760071e+04,-1.365476261765968147e+00,-7.770082753374651929e-03,-6.616963073091248759e-01,-1.505024562211279004e-01
1.000000000000000000e+00,1.434116220474243164e+03,1.572662757122516496e+03,4.678230197345316128e+02,4.698906882948577390e+02,4.875019351840019226e+02,4.536573011875152588e+02,2.344784753286838531e+04,-1.366081014298847762e+00,-3.399264543588031984e-02,-6.581131009265455134e-01,-1.529882321564794978e-01
1.000000000000000000e+00,1.448499641418457031e+03,1.517780967108408504e+03,4.669552960415482517e+02,4.706345631835162635e+02,5.001946350336074829e+02,4.706834973990917206e+02,2.225452546679973602e+04,-1.388781040859111471e+00,7.317880286549893754e-03,-6.596941785660348501e-01,-1.673836281685492366e-01
1.000000000000000000e+00,1.447004470825195312e+03,1.545219716397921275e+03,4.663259668357372334e+02,4.710100998066067746e+02,4.937944905161857605e+02,4.649605058133602142e+02,2.203652542239427567e+04,-1.408251708746158570e+00,2.317521913531805922e-02,-6.516167937436776469e-01,-1.743459888773752908e-01
1.000000000000000000e+00,1.465664234161376953e+03,1.582509712405999380e+03,4.658344394275545710e+02,4.713775793039798714e+02,4.889960017800331116e+02,4.569349229335784912e+02,2.172243282741308212e+04,-1.417113585354993432e+00,3.002500965269661037e-02,-6.477520721401397452e-01,-1.766633348325825636e-01
1.000000000000000000e+00,1.487215118408203125e+03,1.604013235318660691e+03,4.659883294027447391e+02,4.718107075670361610e+02,4.897101436853408813e+02,4.530197674334049225e+02,2.131113568603992462e+04,-1.415959108551099632e+00,3.007495714011554355e-02,-6.491749562520041650e-01,-1.661330348307323845e-01
1.000000000000000000e+00,1.491714363098144531e+03,1.602352621599038457e+03,4.667296873376369604e+02,4.721383810076713416e+02,4.934299165606498718e+02,4.443858322203159332e+02,2.070106599086523056e+04,-1.407030478379956762e+00,3.149022380869581639e-02,-6.529899834689487648e-01,-1.519896220681609122e-01
1.000000000000000000e+00,1.498609485626220703e+03,1.608203049218654542e+03,4.669287553462385745e+02,4.723943257949948702e+02,4.967540513873100281e+02,4.324041734039783478e+02,2.057799631613492966e+04,-1.405891697348613079e+00,3.797311774302869480e-02,-6.528689919585097812e-01,-1.534889047567897791e-01
1.000000000000000000e+00,1.482122783660888672e+03,1.606108485583464244e+03,4.668946855117678751e+02,4.719824994443059154e+02,4.956606617569923401e+02,4.296529246866703033e+02,2.068924080020189285e+04,-1.401404288384259900e+00,5.400916053095272673e-02,-6.517201956096272397e-01,-1.568776794891295623e-01
1.000000000000000000e+00,1.469784107208251953e+03,1.603236485568682383e+03,4.670887223666310319e+02,4.715664477629065345e+02,4.982166662812232971e+02,4.302169234752655029e+02,2.085954256325960159e+04,-1.390344104058321761e+00,7.039694433186127753e-02,-6.520939472368318945e-01,-1.575330476884548858e-01
1.000000000000000000e+00,1.454706916809082031e+03,1.597027293976147803e+03,4.671378872615396745e+02,4.713253362444042978e+02,5.005386103391647339e+02,4.355913161337375641e+02,2.127168756842613220e+04,-1.389845282480498767e+00,8.094350785606962972e-02,-6.476813413801920660e-01,-1.567957437593090475e-01
1.000000000000000000e+00,1.436908636093139648e+03,1.590740513237317373e+03,4.670647900030911046e+02,4.708913762986064171e+02,5.047865281701087952e+02,4.412825514674186707e+02,2.167688193941116333e+04,-1.385461198848881637e+00,7.168661745028259702e-02,-6.487730644299816163e-01,-1.572355086437333682e-01
1.000000000000000000e+00,1.442499561309814453e+03,1.599625843747456884e+03,4.668782678943872497e+02,4.709598387649059532e+02,5.088476184606552124e+02,4.485189070403575897e+02,2.223374620056152344e+04,-1.381395342352821132e+00,5.265214396643358441e-02,-6.503642557105067112e-01,-1.580366318599253361e-01
1.000000000000000000e+00,1.475369625091552734e+03,1.610720748353004410e+03,4.668554981655478286e+02,4.710113935353160173e+02,5.078789281845092773e+02,4.481023104190826416e+02,2.227065865075588226e+04,-1.373634868502755069e+00,5.444946278812068385e-02,-6.548114259467503473e-01,-1.584101952627179344e-01
1.000000000000000000e+00,1.493227729797363281e+03,1.607491872596740677e+03,4.665035093105435067e+02,4.707570770617127209e+02,5.038225999474525452e+02,4.532246464788913727e+02,2.259355476605892181e+04,-1.366648977926105957e+00,5.238250660691079474e-02,-6.573978156870197154e-01,-1.605283485768360663e-01
1.000000000000000000e+00,1.498111495971679688e+03,1.605777530109882264e+03,4.660976602436006146e+02,4.704436585358083107e+02,5.071321163773536682e+02,4.614325440227985382e+02,2.291373296284675598e+04,-1.366315179095252574e+00,5.812264582068138452e-02,-6.548572205133602608e-01,-1.598157488878371169e-01
1.000000000000000000e+00,1.476766433715820312e+03,1.611368583393096742e+03,4.662765652559101568e+02,4.703552898546159327e+02,5.121097912192344666e+02,4.624300557971000671e+02,2.296246532106399536e+04,-1.364038671689218774e+00,6.455466975463508561e-02,-6.517882240046901643e-01,-1.514511578623878307e-01
1.000000000000000000e+00,1.447828960418701172e+03,1.600286724750200847e+03,4.662950778546631341e+02,4.706385543047189799e+02,5.125074226856231689e+02,4.548700190186500549e+02,2.295029411745071411e+04,-1.375066006562329690e+00,5.018877078745020981e-02,-6.474150208935256501e-01,-1.463660547164380432e-01
1.000000000000000000e+00,1.426062555313110352e+03,1.615710657409826808e+03,4.661826749075353291e+02,4.708075770927071630e+02,5.156367009282112122e+02,4.469387358725070953e+02,2.295997191476821899e+04,-1.383623428610730954e+00,4.078862729769383577e-02,-6.458587499927688214e-01,-1.475533875535930406e-01
1.000000000000000000e+00,1.416605730056762695e+03,1.607785750071207531e+03,4.666587218426764139e+02,4.706201282301843207e+02,5.145138530135154724e+02,4.468193246126174927e+02,2.286369050979614258e+04,-1.383825860649588790e+00,2.668300877286355899e-02,-6.479390531356088445e-01,-1.445527340798467009e-01
1.000000000000000000e+00,1.437683172225952148e+03,1.595665879110495098e+03,4.669023233980536247e+02,4.705501760639548365e+02,5.110367787480354309e+02,4.403817758262157440e+02,2.254470883107185364e+04,-1.388873509432178466e+00,1.652508678004949161e-02,-6.504151475521986470e-01,-1.481430836478612179e-01
1.000000000000000000e+00,1.450211105346679688e+03,1.584759111018975545e+03,4.672722619255184782e+02,4.700699764696359466e+02,5.052254123091697693e+02,4.331368097960948944e+02,2.242611619412899017e+04,-1.385891033473836131e+00,9.702971651478264903e-03,-6.529686558227325577e-01,-1.467025617590103082e-01
1.000000000000000000e+00,1.448560409545898438e+03,1.571870386548836905e+03,4.676539611346721586e+02,4.695016280642747688e+02,4.993780536055564880e+02,4.286609501838684082e+02,2.226290901720523834e+04,-1.372124662213476398e+00,-7.865278567606992510e-04,-6.590657573666369728e-01,-1.429435763421835759e-01
1.000000000000000000e+00,1.448266181945800781e+03,1.553410521054267747e+03,4.678394661379158492e+02,4.691522145642340433e+02,4.966730411052703857e+02,4.283956041336059570e+02,2.244197996342182159e+04,-1.365291572774340878e+00,-4.451540060244951746e-03,-6.602067217119014231e-01,-1.450601709363876779e-01
1.000000000000000000e+00,1.446859760284423828e+03,1.557050687948862560e+03,4.679652705689370578e+02,4.689339822874367201e+02,4.964911971092224121e+02,4.318307058811187744e+02,2.245666042125225067e+04,-1.358994869301483277e+00,-1.762678356264757440e-03,-6.600091254388011919e-01,-1.491892199886528658e-01
1.000000000000000000e+00,1.439515399932861328e+03,1.553779927786191138e+03,4.681748806517422281e+02,4.691351300162672828e+02,4.943630575537681580e+02,4.342455376684665680e+02,2.284516428971290588e+04,-1.357856987830226458e+00,-1.452129617157282837e-02,-6.554678255227095462e-01,-1.504683996614968322e-01
1.000000000000000000e+00,1.445482006072998047e+03,1.547568847962220389e+03,4.673041408252715883e+02,4.708641283326148823e+02,5.041957566738128662e+02,4.582577494084835052e+02,2.163063374286890030e+04,-1.391613259263634106e+00,-4.663190890838109226e-03,-6.629104215972727587e-01,-1.619591358186767138e-01
1.000000000000000000e+00,1.434620733261108398e+03,1.574159094707171107e+03,4.666800906526744370e+02,4.706125952876508336e+02,5.049220252037048340e+02,4.513255561590194702e+02,2.181293238240480423e+04,-1.395551471285299883e+00,2.386051447721371233e-02,-6.575467693921943635e-01,-1.682216312861033458e-01
1.000000000000000000e+00,1.424849596023559570e+03,1.595787412552038859e+03,4.663809225150346833e+02,4.708632265463471640e+02,5.043519631028175354e+02,4.440215074419975281e+02,2.196734000098705292e+04,-1.396672168056966257e+00,1.844483625031756446e-02,-6.556799530752499550e-01,-1.633700714389707542e-01
1.000000000000000000e+00,1.432297468185424805e+03,1.609742472811539983e+03,4.661674519093036793e+02,4.712115741541385887e+02,5.037426971197128296e+02,4.358779253065586090e+02,2.211041767644882202e+04,-1.398006525858919602e+00,1.740160587984718177e-02,-6.550757075233839544e-01,-1.580306910783662033e-01
1.000000000000000000e+00,1.424128961563110352e+03,1.585768971522649053e+03,4.661789934975206506e+02,4.711397275994420397e+02,5.021704442501068115e+02,4.346568185091018677e+02,2.220024633610248566e+04,-1.394140557818023041e+00,1.450082977014233165e-02,-6.553225774556104000e-01,-1.541999457258746986e-01
1.000000000000000000e+00,1.428933591842651367e+03,1.564285532526175075e+03,4.659057199693322104e+02,4.708948304905295572e+02,4.989794808030128479e+02,4.352108225226402283e+02,2.200022443783283234e+04,-1.399011954862213969e+00,1.390910359992858503e-02,-6.553317849144093543e-01,-1.626152980828639016e-01
1.000000000000000000e+00,1.455165424346923828e+03,1.551020706685384084e+03,4.657418396516740131e+02,4.704900638835728159e+02,4.894123492240905762e+02,4.341494936943054199e+02,2.180233012300729752e+04,-1.397650051910014568e+00,2.507203756914577752e-02,-6.572408519781447467e-01,-1.660999193850116740e-01
1.000000000000000000e+00,1.469941864013671875e+03,1.540946820314725073e+03,4.654004584389924730e+02,4.700229895812570931e+02,4.828233837485313416e+02,4.385385288894176483e+02,2.219319136977195740e+04,-1.383459088288654826e+00,2.146290329353917059e-02,-6.603012397555652058e-01,-1.604597943104284496e-01
1.000000000000000000e+00,1.499026107788085938e+03,1.539446019637584641e+03,4.653275578849017506e+02,4.697844416212439569e+02,4.843902654647827148e+02,4.450540147721767426e+02,2.249879476153850555e+04,-1.376821978871202390e+00,2.600641141030735071e-02,-6.595708245090499133e-01,-1.553316940226991960e-01
1.000000000000000000e+00,1.483225193023681641e+03,1.520344498769442225e+03,4.656197965917885426e+02,4.697646373751163651e+02,4.856615122556686401e+02,4.465994672477245331e+02,2.266513982689380646e+04,-1.364200871678674432e+00,2.815810699629395231e-02,-6.573535583938472371e-01,-1.517248161416340224e-01
1.000000000000000000e+00,1.480694389343261719e+03,1.510474541393915842e+03,4.653046490237116473e+02,4.698321136122643793e+02,4.861671205163002014e+02,4.431645039319992065e+02,2.263683279800415039e+04,-1.369097766598430965e+00,2.959050604842161647e-02,-6.521552116287701040e-01,-1.562146059196631853e-01
1.000000000000000000e+00,1.494781780242919922e+03,1.535065151047706422e+03,4.653491585821509489e+02,4.698453376865089126e+02,4.907311611771583557e+02,4.410482695102691650e+02,2.255841728305816650e+04,-1.366395053827103467e+00,4.704313338058341287e-02,-6.507445286134512230e-01,-1.542697646140993584e-01
1.000000000000000000e+00,1.509863433837890625e+03,1.555724462850888585e+03,4.658652916265129988e+02,4.697068529504537651e+02,4.955593850612640381e+02,4.413696527481079102e+02,2.248064096760749817e+04,-1.357967602701597443e+00,5.837291040803904707e-02,-6.505342619708613938e-01,-1.449407965188207470e-01
1.000000000000000000e+00,1.500951290130615234e+03,1.575372025918960389e+03,4.663025478225946472e+02,4.698238238703012257e+02,4.994238468408584595e+02,4.392791943252086639e+02,2.206174738925695419e+04,-1.349670960020446842e+00,5.162525525411609806e-02,-6.549696356562009214e-01,-1.340041117665542458e-01
1.000000000000000000e+00,1.483993892669677734e+03,1.577961477847894002e+03,4.664540901392697947e+02,4.699120300387740485e+02,5.055899862647056580e+02,4.380753361284732819e+02,2.200583460199832916e+04,-1.344312373640935476e+00,4.294467187335015979e-02,-6.597125287563301299e-01,-1.324855068329533481e-01
1.000000000000000000e+00,1.474487800598144531e+03,1.555325187730789139e+03,4.666129744860828055e+02,4.697655184489786961e+02,5.098060094118118286e+02,4.354514446556568146e+02,2.211123120307922363e+04,-1.345735974007368441e+00,3.681707721627702767e-02,-6.598394104513083391e-01,-1.368243360577992007e-01
1.000000000000000000e+00,1.478110198974609375e+03,1.554763868021964981e+03,4.661949233520626876e+02,4.696151129269600233e+02,5.130310824513435364e+02,4.320635481476783752e+02,2.245684795498847961e+04,-1.360275718787924859e+00,3.096636823484288925e-02,-6.562532589764593638e-01,-1.488460369192790012e-01
1.000000000000000000e+00,1.495161838531494141e+03,1.563091826943556498e+03,4.660777947026788866e+02,4.692762006164789454e+02,5.133207924962043762e+02,4.349428739547729492e+02,2.278934791064262390e+04,-1.366242035554396494e+00,2.676511242632528820e-02,-6.537691707379948980e-01,-1.542293555355733758e-01
1.000000000000000000e+00,1.493577747344970703e+03,1.572542768597602844e+03,4.661641063359975874e+02,4.689579847788214693e+02,5.145927591323852539e+02,4.441651442646980286e+02,2.349869030594825745e+04,-1.359741783347400812e+00,3.315114249983253103e-02,-6.500559110226085124e-01,-1.564527665586030736e-01
1.000000000000000000e+00,1.469768657684326172e+03,1.588234486806392624e+03,4.663360899136662283e+02,4.691972098751664362e+02,5.141884829401969910e+02,4.537105420529842377e+02,2.392851762938499451e+04,-1.361577320194991003e+00,1.952878897860443885e-02,-6.486520081922400038e-01,-1.529852029460805340e-01
1.000000000000000000e+00,1.456540260314941406e+03,1.607621817251046423e+03,4.668628913708030836e+02,4.697153609693050385e+02,5.142124593257904053e+02,4.593970430195331573e+02,2.380230742490291595e+04,-1.360925015054760934e+00,9.288236182065645608e-03,-6.522590827676637559e-01,-1.427177090036977347e-01
1.000000000000000000e+00,1.431494436264038086e+03,1.609414092199007655e+03,4.674297613457143257e+02,4.700539179823696827e+02,5.143415884971618652e+02,4.596879989504814148e+02,2.360155652225017548e+04,-1.360908264625557251e+00,8.862517152934401565e-04,-6.535814453785455669e-01,-1.391811205678123997e-01
1.000000000000000000e+00,1.410184993743896484e+03,1.610882106312115866e+03,4.678316427418291710e+02,4.702622083045542354e+02,5.110792496204376221e+02,4.549731507003307343e+02,2.342049137926101685e+04,-1.369376630225358937e+00,-1.534747242125433786e-02,-6.536501210466347800e-01,-1.417589786173305555e-01
1.000000000000000000e+00,1.393762321472167969e+03,1.581086500875155025e+03,4.683403042190373071e+02,4.702502636196613253e+02,5.040647448301315308e+02,4.511093810796737671e+02,2.329195945429801941e+04,-1.365047357720413856e+00,-3.922013101888666142e-02,-6.559997059502364891e-01,-1.387579722258678316e-01
1.000000000000000000e+00,1.437824192047119141e+03,1.498682021101315740e+03,4.686522229570448417e+02,4.694784492893219294e+02,4.893174403905868530e+02,4.523009742200374603e+02,2.067661264818906784e+04,-1.378711520343317787e+00,-1.748045417290455816e-02,-6.661292213569645071e-01,-1.427701172845807776e-01
1.000000000000000000e+00,1.443851394653320312e+03,1.479155819817384099e+03,4.690627417534589654e+02,4.687738387483358338e+02,4.851082834601402283e+02,4.464694244265556335e+02,2.044999793785810471e+04,-1.365607783654530394e+00,1.263392711373967359e-02,-6.658641225981352108e-01,-1.375161724211508840e-01
1.000000000000000000e+00,1.453164024353027344e+03,1.471053075408935456e+03,4.692280085969567267e+02,4.682481515251398037e+02,4.792427348196506500e+02,4.423961244523525238e+02,2.050775568729639053e+04,-1.353506591172896734e+00,3.777425030631320624e-02,-6.670722819744412391e-01,-1.448651838980854478e-01
1.000000000000000000e+00,1.441383762359619141e+03,1.474322290654976996e+03,4.688207266267239675e+02,4.675408499647081157e+02,4.713005432486534119e+02,4.398516928255558014e+02,2.104516662496328354e+04,-1.339422240931487096e+00,6.865115444838210124e-02,-6.636927885950605344e-01,-1.544597225749431146e-01
1.000000000000000000e+00,1.430486268997192383e+03,1.504842118676503333e+03,4.679982209477126389e+02,4.674736637012362621e+02,4.662959849536418915e+02,4.407250589728355408e+02,2.165649226790666580e+04,-1.342941878338940853e+00,8.851154060678112501e-02,-6.569637058501136551e-01,-1.658202909143966508e-01
1.000000000000000000e+00,1.449744014739990234e+03,1.523305760633945283e+03,4.674824189423918597e+02,4.674175808803439054e+02,4.686316337585449219e+02,4.444286907017230988e+02,2.186427040302753448e+04,-1.358423028260057563e+00,1.076386607493518000e-01,-6.509914794548059547e-01,-1.637338119653239943e-01
1.000000000000000000e+00,1.456516399383544922e+03,1.514558614333470587e+03,4.675234565889537066e+02,4.674532540155649372e+02,4.747495712339878082e+02,4.532083669006824493e+02,2.200383380192518234e+04,-1.367292349504094062e+00,1.144640705670667558e-01,-6.476150929859514349e-01,-1.519831225002175046e-01
1.000000000000000000e+00,1.453007125854492188e+03,1.511628250801563127e+03,4.672523915869295479e+02,4.677997757451534540e+02,4.797015254497528076e+02,4.549816780984401703e+02,2.196056501460075378e+04,-1.380451455667193628e+00,1.110996658010563465e-01,-6.444753171718566875e-01,-1.484364464996055233e-01
1.000000000000000000e+00,1.456926155090332031e+03,1.523651135329405406e+03,4.667361849783360981e+02,4.681296287681460626e+02,4.824797406792640686e+02,4.557650635838508606e+02,2.204019421619176865e+04,-1.389940449733826355e+00,1.079201589897920144e-01,-6.415622649170451552e-01,-1.473031100730572973e-01
1.000000000000000000e+00,1.444422512054443359e+03,1.534779169813791896e+03,4.664863800391852919e+02,4.686967360224425647e+02,4.839643385410308838e+02,4.512091073393821716e+02,2.203513212597370148e+04,-1.395333498570458630e+00,9.593750636161502143e-02,-6.408563489545748837e-01,-1.459648166827189897e-01
1.000000000000000000e+00,1.435783309936523438e+03,1.539551073968410492e+03,4.663489316697120444e+02,4.694311405620276787e+02,4.866902265548706055e+02,4.350146369934082031e+02,2.149689181375503540e+04,-1.410865892397213273e+00,8.804158614731960597e-02,-6.396344431173730527e-01,-1.489487359747467821e-01
1.000000000000000000e+00,1.448594398498535156e+03,1.552157250352700430e+03,4.661711173270940662e+02,4.697762267625927848e+02,4.871874735355377197e+02,4.234061625897884369e+02,2.108907989442348480e+04,-1.423703855609302238e+00,9.204542418234495926e-02,-6.382716906696508374e-01,-1.587690537606611940e-01
1.000000000000000000e+00,1.476493148803710938e+03,1.563663617753982408e+03,4.658469709344506100e+02,4.700028969547152542e+02,4.850998668074607849e+02,4.174102388918399811e+02,2.096408733856678009e+04,-1.431808302624997253e+00,9.574140646378026531e-02,-6.372491125608945595e-01,-1.689066445736049360e-01
1.000000000000000000e+00,1.495471000671386719e+03,1.578980607851346349e+03,4.656059793100654929e+02,4.701181009470522554e+02,4.812490820884704590e+02,4.135241263806819916e+02,2.079111388009786606e+04,-1.432703457969367378e+00,1.023758560987246824e-01,-6.380638027554326186e-01,-1.725319329955414815e-01
1.000000000000000000e+00,1.504155006408691406e+03,1.601588059524694927e+03,4.651460845213830453e+02,4.701696684635579686e+02,4.830504118800163269e+02,4.201342442333698273e+02,2.095544890075922012e+04,-1.436937470163044850e+00,9.752185647705147176e-02,-6.393655982659041115e-01,-1.744284245739606831e-01
1.000000000000000000e+00,1.517145309448242188e+03,1.613896581971645219e+03,4.651545316142141928e+02,4.699065444378554730e+02,4.872476083040237427e+02,4.311957469582557678e+02,2.096887473148107529e+04,-1.443451712080356941e+00,9.647150957803063420e-02,-6.386167357381395959e-01,-1.759220899889371026e-01
1.000000000000000000e+00,1.531353034973144531e+03,1.612385825165112692e+03,4.656086915912925974e+02,4.696513819421529661e+02,4.870295505523681641e+02,4.351301998496055603e+02,2.101665621441602707e+04,-1.434935514699384740e+00,9.689533838947994582e-02,-6.403557803596946485e-01,-1.747385804270429333e-01
1.000000000000000000e+00,1.527444305419921875e+03,1.597354301329453619e+03,4.657348510496914287e+02,4.697106289812922455e+02,4.873708125948905945e+02,4.316260483264923096e+02,2.124628202980756760e+04,-1.431846301283838940e+00,9.623534626020813221e-02,-6.386596175761312111e-01,-1.758372132781467201e-01
1.000000000000000000e+00,1.523387775421142578e+03,1.589866605397065314e+03,4.657337731737792410e+02,4.699018857398927480e+02,4.868632109165191650e+02,4.255016876161098480e+02,2.148264057046175003e+04,-1.435453320096971908e+00,9.253145672482787631e-02,-6.368391298260434041e-01,-1.764762884428989764e-01
1.000000000000000000e+00,1.514901523590087891e+03,1.586450108098983719e+03,4.658627152791917183e+02,4.697493834851384236e+02,4.833794919252395630e+02,4.252305551171302795e+02,2.180658661055564880e+04,-1.424919905750176241e+00,8.807545555171714113e-02,-6.398618301315082135e-01,-1.749388024114715279e-01
1.000000000000000000e+00,1.497594451904296875e+03,1.589083161008357820e+03,4.658300479627847608e+02,4.695009206559658423e+02,4.817169261574745178e+02,4.336545446813106537e+02,2.205188998216390610e+04,-1.417088831942947991e+00,6.968397360115829997e-02,-6.422726794270481321e-01,-1.766234551306311573e-01
1.000000000000000000e+00,1.476772270202636719e+03,1.582702826984723288e+03,4.663232913366258003e+02,4.693769441632926487e+02,4.782255103588104248e+02,4.358917407989501953e+02,2.199504348820447922e+04,-1.409209150871715721e+00,4.881145893780569622e-02,-6.449047828247991276e-01,-1.746346461595678079e-01
1.000000000000000000e+00,1.461174945831298828e+03,1.574491938412189484e+03,4.669265020418465042e+02,4.695702514500320035e+02,4.770716814100742340e+02,4.301797130107879639e+02,2.209964769321680069e+04,-1.402070304060986317e+00,1.787274642740044328e-02,-6.480324222696509651e-01,-1.622423522860749756e-01
1.000000000000000000e+00,1.457006835937500000e+03,1.590679403201738978e+03,4.672699798351227969e+02,4.697656698088645726e+02,4.767362611889839172e+02,4.282038207352161407e+02,2.270116479349136353e+04,-1.387816867542559507e+00,-1.737146585602999949e-02,-6.538724755129905475e-01,-1.559463884552112489e-01
1.000000000000000000e+00,1.442395534515380859e+03,1.503068382728099778e+03,4.670303811334669604e+02,4.709772626776695574e+02,5.019763075113296509e+02,4.579030594825744629e+02,2.104488136237859726e+04,-1.405341104536825370e+00,7.942948710898178888e-03,-6.583313452091843487e-01,-1.554355694705549240e-01
1.000000000000000000e+00,1.460690345764160156e+03,1.537390250575542268e+03,4.659010150569677080e+02,4.710825741065144712e+02,4.998188204169273376e+02,4.554453692138195038e+02,2.156856403815746307e+04,-1.410321875679853676e+00,3.202514953807167331e-02,-6.547295135452735337e-01,-1.644778213310811310e-01
1.000000000000000000e+00,1.471357727050781250e+03,1.557109909753004558e+03,4.655840107916593524e+02,4.710591181039810067e+02,4.992755587100982666e+02,4.515427556335926056e+02,2.181990810912847519e+04,-1.422345737013330336e+00,3.908685446117488027e-02,-6.500043233624133165e-01,-1.638296879449416821e-01
1.000000000000000000e+00,1.475425071716308594e+03,1.585291077311833533e+03,4.658558402220010635e+02,4.710232760829925382e+02,5.013329319357872009e+02,4.499992135167121887e+02,2.190045781081914902e+04,-1.423329545555226616e+00,3.432734652414382026e-02,-6.473705046911426564e-01,-1.562677494457886951e-01
1.000000000000000000e+00,1.475231266021728516e+03,1.586421612970034175e+03,4.663441196094453289e+02,4.708946807239055943e+02,4.992601097226142883e+02,4.495648422539234161e+02,2.192899991720914841e+04,-1.416605333905915032e+00,2.217758726259688729e-02,-6.479900744319060379e-01,-1.530378170956314676e-01
1.000000000000000000e+00,1.484289665222167969e+03,1.591045891757805975e+03,4.665688007643520905e+02,4.710335494360923576e+02,4.955110446810722351e+02,4.452421712577342987e+02,2.202107105773687363e+04,-1.416252116984910714e+00,1.301545211658350354e-02,-6.493194114096461078e-01,-1.528651226930808349e-01
1.000000000000000000e+00,1.492421951293945312e+03,1.573127948685487127e+03,4.671885970053076562e+02,4.710490455018878038e+02,4.895531620383262634e+02,4.407844185233116150e+02,2.195313894277811050e+04,-1.403224439652433375e+00,1.791649989922916575e-02,-6.524098650191376692e-01,-1.449768823553210240e-01
1.000000000000000000e+00,1.494654579162597656e+03,1.587684324828783701e+03,4.672146691284477811e+02,4.710834217218756521e+02,4.900299764871597290e+02,4.376769571304321289e+02,2.201848916721343994e+04,-1.389791805184300344e+00,2.426048973926242525e-02,-6.540984547082935308e-01,-1.466508593135600336e-01
1.000000000000000000e+00,1.487964420318603516e+03,1.591153349292278108e+03,4.672864470283985270e+02,4.710962857189178408e+02,4.894414198994636536e+02,4.419582093358039856e+02,2.213373921340703964e+04,-1.383645018052815701e+00,3.937283347885056628e-02,-6.536105564829028935e-01,-1.519580653423542316e-01
1.000000000000000000e+00,1.464601306915283203e+03,1.577918735154469687e+03,4.673674540409445513e+02,4.707491712958812968e+02,4.915480748414993286e+02,4.442565369307994843e+02,2.215404436266422272e+04,-1.383209568932146638e+00,5.156937732623845250e-02,-6.520144297455523485e-01,-1.519180680011640305e-01
1.000000000000000000e+00,1.452928676605224609e+03,1.568343513540426784e+03,4.672577393867075557e+02,4.706018312098681804e+02,4.942511492967605591e+02,4.522398704290390015e+02,2.222929557597637177e+04,-1.392525102998581232e+00,5.119259667576159245e-02,-6.514950255056071171e-01,-1.524645316751751523e-01
1.000000000000000000e+00,1.439223146438598633e+03,1.557833445707956798e+03,4.670978011523187092e+02,4.703684278927147489e+02,4.982414732575416565e+02,4.632295547425746918e+02,2.228845322513580322e+04,-1.403136903150187464e+00,5.868854162800829499e-02,-6.476803057433500044e-01,-1.529455291127970185e-01
1.000000000000000000e+00,1.440989284515380859e+03,1.576627871481577586e+03,4.669434474026262478e+02,4.705530742074549266e+02,4.989682955145835876e+02,4.748568281829357147e+02,2.210235372579097748e+04,-1.422759193440841230e+00,5.776128431539717667e-02,-6.450259685171459978e-01,-1.619547243472219122e-01
1.000000000000000000e+00,1.473307800292968750e+03,1.588483390041192251e+03,4.670798818650841326e+02,4.706400280720293381e+02,4.950739324688911438e+02,4.746070972383022308e+02,2.170785009843111038e+04,-1.432137138365716211e+00,6.589099567133160917e-02,-6.440411749712993128e-01,-1.694021116375985514e-01
1.000000000000000000e+00,1.505270633697509766e+03,1.590900841252009059e+03,4.669166348395049226e+02,4.704795897794663802e+02,4.887055165171623230e+02,4.686954784989356995e+02,2.154173878991603851e+04,-1.431603854330772307e+00,7.796247311882353870e-02,-6.447800371308076706e-01,-1.701289162646819619e-01
1.000000000000000000e+00,1.540503444671630859e+03,1.602185942260424326e+03,4.669025217016339298e+02,4.704218850179016727e+02,4.854581282734870911e+02,4.643088243305683136e+02,2.167406100940704346e+04,-1.422381192088478130e+00,9.337107530621580054e-02,-6.447453109329472909e-01,-1.673050451570343711e-01
1.000000000000000000e+00,1.553223381042480469e+03,1.600337878656387147e+03,4.668943688657283815e+02,4.705951857142448489e+02,4.833955500125885010e+02,4.589977780580520630e+02,2.170640529626607895e+04,-1.415536067155766631e+00,9.857707951600502838e-02,-6.445087002781875185e-01,-1.681652820907206802e-01
1.000000000000000000e+00,1.554717350006103516e+03,1.602928017214934016e+03,4.666582388775050276e+02,4.705564503295421446e+02,4.831308130621910095e+02,4.559100847244262695e+02,2.180635813635587692e+04,-1.412782482710561283e+00,9.873799213378475770e-02,-6.434929347180329273e-01,-1.710460023605158142e-01
1.000000000000000000e+00,1.527771663665771484e+03,1.596182567894458771e+03,4.663716422273218427e+02,4.704476958616078264e+02,4.863254311084747314e+02,4.600555630326271057e+02,2.209001876032352448e+04,-1.407074401727646418e+00,9.075140207425391736e-02,-6.419978958455629936e-01,-1.660256007959031166e-01
1.000000000000000000e+00,1.489541473388671875e+03,1.590817244096597051e+03,4.665164422222673579e+02,4.707937157136797737e+02,4.909938493371009827e+02,4.705800057947635651e+02,2.244016273510456085e+04,-1.407738370129692385e+00,5.874217916726820476e-02,-6.426957694406816302e-01,-1.570089942894341561e-01
1.000000000000000000e+00,1.463551597595214844e+03,1.600900228309631302e+03,4.665150413034260168e+02,4.710092490047216529e+02,4.964449608922004700e+02,4.718164231479167938e+02,2.258005497837066650e+04,-1.400319449938814742e+00,2.324058576792964459e-02,-6.468519904516085717e-01,-1.580604832155909634e-01
1.000000000000000000e+00,1.459850578308105469e+03,1.621045941162109330e+03,4.666484228502810083e+02,4.709610655766129526e+02,4.983808463811874390e+02,4.642952580153942108e+02,2.247553793692588806e+04,-1.396219224043573348e+00,-2.786931317267260511e-03,-6.497841048970443012e-01,-1.620743046334567339e-01
1.000000000000000000e+00,1.452522869110107422e+03,1.625268884940942144e+03,4.671501692897379030e+02,4.706557280753552845e+02,4.960148810148239136e+02,4.534723563194274902e+02,2.258522404205799103e+04,-1.377960852960486093e+00,-1.614544613186552624e-02,-6.547171020849944512e-01,-1.516161763046071087e-01
1.000000000000000000e+00,1.432419347763061523e+03,1.609528244372208746e+03,4.677721340762972773e+02,4.706794182873964587e+02,4.974832546710968018e+02,4.493914425969123840e+02,2.302856435978412628e+04,-1.366335155533043633e+00,-3.157658399300089513e-02,-6.558178222298494120e-01,-1.425696012020551962e-01
1.000000000000000000e+00,1.473833427429199219e+03,1.524335018424193095e+03,4.674734808882772654e+02,4.707349466531276789e+02,4.943183164000511169e+02,4.494438528716564178e+02,2.189321002811193466e+04,-1.368303610138296378e+00,-1.493576806585394934e-02,-6.647513469931656260e-01,-1.485042949305803717e-01
1.000000000000000000e+00,1.459696769714355469e+03,1.555922040522098541e+03,4.668462994381785052e+02,4.703710870469212750e+02,4.958507009148597717e+02,4.439581333696842194e+02,2.226357727122306824e+04,-1.357921756156480697e+00,2.018482748090377754e-02,-6.630904363167964277e-01,-1.559540350057329050e-01
1.000000000000000000e+00,1.448842105865478516e+03,1.558862188525994497e+03,4.668524420515000770e+02,4.697937462710738146e+02,4.981839963793754578e+02,4.484054483473300934e+02,2.270353669905662537e+04,-1.354457767397159174e+00,4.784084351606310292e-02,-6.577715834960500274e-01,-1.529270009326868518e-01
1.000000000000000000e+00,1.438280811309814453e+03,1.553249334752559662e+03,4.670769041129350398e+02,4.693063244203030990e+02,4.993035219311714172e+02,4.587593985199928284e+02,2.307643828892707825e+04,-1.347718666477444316e+00,7.835572721501904425e-02,-6.508145635548956420e-01,-1.543733459638580996e-01
1.000000000000000000e+00,1.393262958526611328e+03,1.564746604311466172e+03,4.668934541105031713e+02,4.696264187138080501e+02,4.992209058403968811e+02,4.593482596576213837e+02,2.306590470385551453e+04,-1.350172325181963728e+00,7.794296855909266242e-02,-6.482772371100189446e-01,-1.532001298353584673e-01
1.000000000000000000e+00,1.390636625289916992e+03,1.559063371002674103e+03,4.667622682960331417e+02,4.697452505636215392e+02,4.981834980249404907e+02,4.567877699434757233e+02,2.280118102526664734e+04,-1.356599123654969929e+00,8.192809275978163441e-02,-6.478240974461400015e-01,-1.531868954209940625e-01
1.000000000000000000e+00,1.386061506271362305e+03,1.558644183623790695e+03,4.662845789594650228e+02,4.699239540112614577e+02,4.931103606224060059e+02,4.561676509082317352e+02,2.319872613286972046e+04,-1.351044122983388718e+00,7.847394066149604441e-02,-6.477928665226215799e-01,-1.510578898870971187e-01
1.000000000000000000e+00,1.397177009582519531e+03,1.551104647155602606e+03,4.659238807391524233e+02,4.701740881722271297e+02,4.901597147583961487e+02,4.587246798276901245e+02,2.310630897939205170e+04,-1.357395203312531606e+00,7.494387892533893591e-02,-6.479263827661192465e-01,-1.484362700407473312e-01
1.000000000000000000e+00,1.398889160156250000e+03,1.545383134245872498e+03,4.652706335628032548e+02,4.704060782660246218e+02,4.902170808911323547e+02,4.525422054529190063e+02,2.288801971042156219e+04,-1.360161970965906519e+00,6.178172758370692463e-02,-6.489914705308770237e-01,-1.438528394286375800e-01
1.000000000000000000e+00,1.419123744964599609e+03,1.563890205526351792e+03,4.648684371198713734e+02,4.703453208145499502e+02,4.955056181550025940e+02,4.473729687035083771e+02,2.264473826944828033e+04,-1.364829726218019346e+00,6.738019516429716305e-02,-6.504763148531829131e-01,-1.436705868379348772e-01
1.000000000000000000e+00,1.421602535247802734e+03,1.574731400489807129e+03,4.649108213117122546e+02,4.699366347831785902e+02,5.018358823060989380e+02,4.531056505143642426e+02,2.293309119880199432e+04,-1.360404883208673255e+00,8.132213353246697807e-02,-6.521223301590346466e-01,-1.405190904502440219e-01
1.000000000000000000e+00,1.409263257980346680e+03,1.588027811292807201e+03,4.647790309911667919e+02,4.698061402558386135e+02,5.086752985715866089e+02,4.627399768829345703e+02,2.316943125021457672e+04,-1.369332644839042601e+00,8.028746935377029104e-02,-6.481529930526228611e-01,-1.432723780146147874e-01
1.000000000000000000e+00,1.400491104125976562e+03,1.598714171278476670e+03,4.651412404766678605e+02,4.701380342473983660e+02,5.116380156874656677e+02,4.658855623900890350e+02,2.287151674163341522e+04,-1.372276005443263003e+00,6.956246546553757071e-02,-6.497889432629158080e-01,-1.454027658095675690e-01
1.000000000000000000e+00,1.413550586700439453e+03,1.600565496373176529e+03,4.650162356568574751e+02,4.704845065858661997e+02,5.093600375652313232e+02,4.566508055329322815e+02,2.280763112926483154e+04,-1.376699359525568767e+00,6.206612515059362067e-02,-6.498489778361040692e-01,-1.548438735092272367e-01
1.000000000000000000e+00,1.436722555160522461e+03,1.606838201204935558e+03,4.649313505299389249e+02,4.705082015776932280e+02,5.025266015529632568e+02,4.509189543128013611e+02,2.281227721154689789e+04,-1.389636088231332778e+00,6.097321086783580313e-02,-6.480317426329733621e-01,-1.628361363438912690e-01
1.000000000000000000e+00,1.465357646942138672e+03,1.612084223107496882e+03,4.651637527306974107e+02,4.701102923702001704e+02,4.989902784824371338e+02,4.504029359817504883e+02,2.254941302239894867e+04,-1.406352023958580943e+00,7.010345342293788917e-02,-6.462602696328012541e-01,-1.673924217016491411e-01
1.000000000000000000e+00,1.473951358795166016e+03,1.598027541665236186e+03,4.656831545856892944e+02,4.693680234895944636e+02,4.982754167318344116e+02,4.521538212299346924e+02,2.234391038465499878e+04,-1.408861982716812733e+00,8.418390052271007562e-02,-6.430069297662441841e-01,-1.661229766758154369e-01
1.000000000000000000e+00,1.482442245483398438e+03,1.594319570096333791e+03,4.661193616918623093e+02,4.692106267341077341e+02,4.963360427618026733e+02,4.451583923399448395e+02,2.215562123084068298e+04,-1.409641529080364108e+00,8.870460939060365035e-02,-6.419539945525549740e-01,-1.654343753915306081e-01
1.000000000000000000e+00,1.504772815704345703e+03,1.581108987994988638e+03,4.665190089742541204e+02,4.691105555438399506e+02,4.884431052207946777e+02,4.408117449581623077e+02,2.202962233197689056e+04,-1.405649777723873228e+00,9.171121091560507921e-02,-6.425297762730899365e-01,-1.679664129575382248e-01
1.000000000000000000e+00,1.515827980041503906e+03,1.578893577547868063e+03,4.664677778839766802e+02,4.690304288067519565e+02,4.814380137920379639e+02,4.390743983387947083e+02,2.238277477049827576e+04,-1.394606250769198752e+00,8.465280068164560134e-02,-6.437933017658821200e-01,-1.663270807551242569e-01
1.000000000000000000e+00,1.491908683776855469e+03,1.573596230081717067e+03,4.664623869051933411e+02,4.692444261932671452e+02,4.816676998138427734e+02,4.438251557946205139e+02,2.278038855242729187e+04,-1.390455618489779610e+00,6.197150167838572088e-02,-6.444690709871530032e-01,-1.634990334544994539e-01
1.000000000000000000e+00,1.483639583587646484e+03,1.556630470625559383e+03,4.667969394381344159e+02,4.694071810887157881e+02,4.865713413357734680e+02,4.362183567583560944e+02,2.269375589025020599e+04,-1.393459683890206691e+00,4.706566905432651993e-02,-6.444049747757247815e-01,-1.603929458129833563e-01
1.000000000000000000e+00,1.470237293243408203e+03,1.552634801248709209e+03,4.667438388568460823e+02,4.693984531997144245e+02,4.855512098073959351e+02,4.284558496475219727e+02,2.283474164009094238e+04,-1.394359492131577838e+00,2.201772894534315128e-02,-6.471746560552134042e-01,-1.618262917082677887e-01
1.000000000000000000e+00,1.464139022827148438e+03,1.556988719626267766e+03,4.667456107952892808e+02,4.692555057369172573e+02,4.801787828803062439e+02,4.289160245954990387e+02,2.334046730029582977e+04,-1.392045079124642371e+00,-2.243948848447985256e-02,-6.487499567829431157e-01,-1.586861769169303216e-01
1.000000000000000000e+00,1.485202732086181641e+03,1.503676736565430929e+03,4.685462328918277990e+02,4.702341541480124079e+02,4.995071274042129517e+02,4.731052230894565582e+02,2.148127764922380447e+04,-1.401373393148173108e+00,-8.363653949508886853e-03,-6.627197106909896718e-01,-1.531108122433035845e-01
1.000000000000000000e+00,1.511564083099365234e+03,1.533845525197187953e+03,4.681570765085220387e+02,4.703704051308035901e+02,4.950523371100425720e+02,4.623302187919616699e+02,2.131495767641067505e+04,-1.403896473075947782e+00,1.483425231148771672e-02,-6.593904133347976426e-01,-1.579200513742797796e-01
1.000000000000000000e+00,1.526312026977539062e+03,1.563315153225262975e+03,4.676552756955027235e+02,4.702976822820305642e+02,4.926359825730323792e+02,4.519020414948463440e+02,2.138828600859642029e+04,-1.400756294928584111e+00,3.680126270838712799e-02,-6.570737099009313908e-01,-1.683053610143154799e-01
1.000000000000000000e+00,1.520531158447265625e+03,1.597898283640543468e+03,4.674656654883027045e+02,4.701298815259635830e+02,4.912815659642219543e+02,4.509310255646705627e+02,2.140659167844057083e+04,-1.394466043472901262e+00,4.752956128576357742e-02,-6.555600133834786902e-01,-1.754388868155878356e-01
1.000000000000000000e+00,1.490104351043701172e+03,1.606661222422122819e+03,4.676738506639301818e+02,4.701102397925556033e+02,4.926352627277374268e+02,4.502011024355888367e+02,2.128306769663095474e+04,-1.380767976740516545e+00,5.553591948015679236e-02,-6.564498196127175333e-01,-1.691366292854485920e-01
1.000000000000000000e+00,1.463549194335937500e+03,1.603700132215022904e+03,4.677537302246689705e+02,4.704321663373112870e+02,4.921144823431968689e+02,4.515269467234611511e+02,2.120572851967811584e+04,-1.384966006530719440e+00,4.420100273763694076e-02,-6.564907110861533113e-01,-1.637285770191976297e-01
1.000000000000000000e+00,1.487412185668945312e+03,1.578856842863559677e+03,4.679873942119181152e+02,4.703219365088045834e+02,4.865427136421203613e+02,4.402844029068946838e+02,2.065580696874856949e+04,-1.389714163843009942e+00,4.807015388046664839e-02,-6.587466355828510700e-01,-1.608780312141533386e-01
1.000000000000000000e+00,1.498985080718994141e+03,1.557155570622285040e+03,4.677381745881735924e+02,4.703388043731451376e+02,4.855746878385543823e+02,4.321336776912212372e+02,2.071824381697177887e+04,-1.396441942713355644e+00,4.467622869972842636e-02,-6.586253042540732849e-01,-1.612514769777071422e-01
1.000000000000000000e+00,1.527170333862304688e+03,1.576047326143582495e+03,4.672197370643019667e+02,4.705858778778910505e+02,4.862273660302162170e+02,4.227143912613391876e+02,2.055426141256093979e+04,-1.402022286163935760e+00,3.481127046557475069e-02,-6.611008323067650849e-01,-1.647200993433788341e-01
1.000000000000000000e+00,1.561104183197021484e+03,1.597181613981723785e+03,4.669630986477434362e+02,4.709785117950439712e+02,4.886044613122940063e+02,4.174811713397502899e+02,2.034382214730978012e+04,-1.405978303271458785e+00,4.141316857177912425e-02,-6.611990074430273978e-01,-1.749976808504882797e-01
1.000000000000000000e+00,1.581001796722412109e+03,1.631173556300004293e+03,4.667276915080547042e+02,4.713917083510160637e+02,4.905236242413520813e+02,4.162840132415294647e+02,2.019440662395954132e+04,-1.417023970558753732e+00,4.808860413967153136e-02,-6.569346271094076428e-01,-1.824220402598708546e-01
1.000000000000000000e+00,1.588757286071777344e+03,1.641204013347625732e+03,4.669086355289518906e+02,4.713441048702597982e+02,4.884435482025146484e+02,4.183397806584835052e+02,2.041051680374145508e+04,-1.423024315511959514e+00,5.633402497833372990e-02,-6.523179522494046978e-01,-1.859374536327731420e-01
1.000000000000000000e+00,1.602370548248291016e+03,1.627696807253360703e+03,4.672207685627639080e+02,4.713509654562473088e+02,4.855965046882629395e+02,4.246986448168754578e+02,2.066360150474309921e+04,-1.428783671419825652e+00,6.736583031963050416e-02,-6.482541941902830729e-01,-1.853147303222133502e-01
1.000000000000000000e+00,1.600309238433837891e+03,1.619029996617635106e+03,4.673815527858138239e+02,4.710969676350355257e+02,4.822619044184684753e+02,4.291383737325668335e+02,2.085495326936244965e+04,-1.417805191965225475e+00,7.994139520611298622e-02,-6.486023947147749880e-01,-1.816479152489822724e-01
1.000000000000000000e+00,1.562741317749023438e+03,1.591704026242097143e+03,4.672878239589035161e+02,4.708265528426170476e+02,4.839033731818199158e+02,4.368168804347515106e+02,2.124142067992687225e+04,-1.417672770516576364e+00,8.288368439902882301e-02,-6.440401716981085656e-01,-1.793910064527057813e-01
1.000000000000000000e+00,1.532330989837646484e+03,1.592403358503182744e+03,4.674861899088621158e+02,4.705434875502586465e+02,4.884169139266014099e+02,4.395733618736267090e+02,2.132930136591196060e+04,-1.408662931783108974e+00,7.871511190681701464e-02,-6.443413478372406189e-01,-1.734075806695098976e-01
1.000000000000000000e+00,1.496542167663574219e+03,1.595675320267677307e+03,4.675667555360197980e+02,4.701615284882187780e+02,4.893511623740196228e+02,4.442744223177433014e+02,2.130957598644495010e+04,-1.404312349009899208e+00,6.569423683566810723e-02,-6.468506797237303374e-01,-1.705866211330224758e-01
1.000000000000000000e+00,1.464569377899169922e+03,1.590802481559912394e+03,4.680184782981276612e+02,4.697250002041459425e+02,4.933340110182762146e+02,4.458654465377330780e+02,2.122982924610376358e+04,-1.391194436494915365e+00,6.701712042065821606e-02,-6.503672978937302673e-01,-1.627733169903748944e-01
1.000000000000000000e+00,1.460692749023437500e+03,1.582371699853738164e+03,4.681469886134862577e+02,4.694535242992639610e+02,4.952078236937522888e+02,4.488188887238502502e+02,2.125168749165534973e+04,-1.389167014175002990e+00,6.702265549841968095e-02,-6.503448698833693697e-01,-1.629881262404140330e-01
1.000000000000000000e+00,1.459913749694824219e+03,1.586088597607612428e+03,4.682568056179583209e+02,4.694393331150114363e+02,4.964988939166069031e+02,4.512448227405548096e+02,2.133226756852865219e+04,-1.383689096497072057e+00,5.834866149594120088e-02,-6.517598087188360978e-01,-1.626250327298741638e-01
1.000000000000000000e+00,1.469716815948486328e+03,1.592338300347328186e+03,4.679983025080561561e+02,4.692885675157904757e+02,4.949341717362403870e+02,4.534338445961475372e+02,2.165485729068517685e+04,-1.382785752053980133e+00,4.440408737645640258e-02,-6.508206964668197259e-01,-1.719138858447237794e-01
1.000000000000000000e+00,1.474921932220458984e+03,1.604684244108199891e+03,4.676765533498227683e+02,4.691897247304916618e+02,4.910920805335044861e+02,4.499619199931621552e+02,2.206396345692873001e+04,-1.377961566404692917e+00,2.356320172888359821e-02,-6.520515832172613102e-01,-1.766043387543270171e-01
1.000000000000000000e+00,1.470664386749267578e+03,1.602301124378045415e+03,4.674529708607196881e+02,4.692975662593245829e+02,4.869922847151756287e+02,4.465353456437587738e+02,2.248602661955356598e+04,-1.371908147406362133e+00,3.145090592234112137e-03,-6.560017124966179836e-01,-1.709770951763918134e-01
1.000000000000000000e+00,1.465022048950195312e+03,1.602707437451680335e+03,4.676578680350482387e+02,4.696953288867175615e+02,4.854962247014045715e+02,4.470842553675174713e+02,2.321263532519340515e+04,-1.374428900885636295e+00,-2.402766043932302864e-02,-6.568252703316161956e-01,-1.634654474518235645e-01
