vin,timestamp,end_time,odo,end_odo,soc,end_soc,duration,avg_speed,event_id,event_emb_0,event_emb_1,charge_mode_emb_0,charge_mode_emb_1
1.0,0.0,0.11666666666666667,4436.640625,4439.46875,56.4,54.9,7.0,24.241071428571427,1,-1.1917272806167603,1.8481048345565796,-1.8552201986312866,0.051687825471162796
1.0,0.13333333333333333,18.7,4439.46875,4439.46875,54.9,100.0,1114.0,0.0,2,-0.004944240674376488,0.15412893891334534,-0.9619835019111633,-0.5287988185882568
1.0,18.7,18.833333333333332,4439.46875,4442.5,100.0,100.0,8.0,22.734375,3,-1.1917272806167603,1.8481048345565796,-1.8552201986312866,0.051687825471162796
1.0,18.833333333333332,21.25,4442.5,4457.125,100.0,94.5,145.0,6.051724137931035,4,-1.1917272806167603,1.8481048345565796,-1.8552201986312866,0.051687825471162796
1.0,21.25,21.366666666666667,4457.125,4461.45,94.5,94.5,7.0,37.07142857142701,5,-1.1917272806167603,1.8481048345565796,-1.8552201986312866,0.051687825471162796
1.0,21.783333333333335,21.8,4461.45,4461.48375,94.1,94.1,1.0,2.025000000030559,6,-1.1917272806167603,1.8481048345565796,-1.8552201986312866,0.051687825471162796
1.0,24.95,25.266666666666666,4461.48375,4480.75,93.7,89.4,19.0,60.84078947368318,7,-1.1917272806167603,1.8481048345565796,-1.8552201986312866,0.051687825471162796
1.0,41.61666666666667,42.5,4480.75,4560.171875,89.0,70.1,53.0,89.91155660377359,8,-1.1917272806167603,1.8481048345565796,-1.8552201986312866,0.051687825471162796
1.0,42.78333333333333,42.833333333333336,4560.171875,4560.359375,70.1,70.1,3.0,3.75,9,-1.1917272806167603,1.8481048345565796,-1.8552201986312866,0.051687825471162796
1.0,47.06666666666667,48.55,4560.359375,4656.9375,70.5,43.9,89.0,65.10884831460675,10,-1.1917272806167603,1.8481048345565796,-1.8552201986312866,0.051687825471162796
1.0,48.766666666666666,48.78333333333333,4656.9375,4658.234375,43.5,43.5,1.0,77.8125,11,-1.1917272806167603,1.8481048345565796,-1.8552201986312866,0.051687825471162796
1.0,48.78333333333333,49.416666666666664,4658.234375,4658.234375,43.5,46.6,38.0,0.0,12,-0.004944240674376488,0.15412893891334534,-0.9619835019111633,-0.5287988185882568
1.0,49.416666666666664,49.483333333333334,4658.234375,4658.234375,46.6,46.6,4.0,0.0,13,-1.1917272806167603,1.8481048345565796,-1.8552201986312866,0.051687825471162796
1.0,49.5,49.61666666666667,4658.921875,4662.390625,46.6,45.4,7.0,29.732142857142858,14,-1.1917272806167603,1.8481048345565796,-1.8552201986312866,0.051687825471162796
1.0,69.23333333333333,69.33333333333333,4662.390625,4665.203125,45.8,45.0,6.0,28.125,15,-1.1917272806167603,1.8481048345565796,-1.8552201986312866,0.051687825471162796
1.0,69.75,76.95,4667.953125,4667.953125,44.3,72.5,432.0,0.0,16,-0.004944240674376488,0.15412893891334534,-0.9619835019111633,-0.5287988185882568
1.0,76.95,78.13333333333334,4667.953125,4768.390625,72.5,48.6,71.0,84.87676056338029,17,-1.1917272806167603,1.8481048345565796,-1.8552201986312866,0.051687825471162796
1.0,78.48333333333333,79.5,4768.390625,4865.609375,48.2,16.4,61.0,95.625,18,-1.1917272806167603,1.8481048345565796,-1.8552201986312866,0.051687825471162796
1.0,87.26666666666667,87.41666666666667,4865.609375,4868.421875,16.8,16.0,9.0,18.75,19,-1.1917272806167603,1.8481048345565796,-1.8552201986312866,0.051687825471162796
1.0,87.46666666666667,92.56666666666666,4868.421875,4868.421875,16.0,58.4,306.0,0.0,20,-0.004944240674376488,0.15412893891334534,-0.9619835019111633,-0.5287988185882568
1.0,92.56666666666666,92.68333333333334,4868.421875,4870.953125,58.4,58.8,7.0,21.69642857142857,21,-1.1917272806167603,1.8481048345565796,-1.8552201986312866,0.051687825471162796
1.0,93.95,94.28333333333333,4870.953125,4880.484375,59.2,58.4,20.0,28.59375,22,-1.1917272806167603,1.8481048345565796,-1.8552201986312866,0.051687825471162796
1.0,94.35,94.38333333333334,4880.484375,4880.484375,58.0,59.6,2.0,0.0,23,-0.004944240674376488,0.15412893891334534,0.5221627950668335,-0.3752703368663788
1.0,94.38333333333334,94.96666666666667,4880.484375,4880.484375,59.6,81.1,35.0,0.0,24,-0.004944240674376488,0.15412893891334534,0.5221627950668335,-0.3752703368663788
1.0,94.96666666666667,95.95,4880.484375,4973.09375,81.1,60.7,59.0,94.17902542372882,25,-1.1917272806167603,1.8481048345565796,-1.8552201986312866,0.051687825471162796
1.0,95.95,96.0,4973.09375,4973.25,60.7,60.7,3.0,3.125,26,-1.1917272806167603,1.8481048345565796,-1.8552201986312866,0.051687825471162796
1.0,96.0,96.05,4973.25,4974.078125,60.7,60.3,3.0,16.5625,27,-1.1917272806167603,1.8481048345565796,-1.8552201986312866,0.051687825471162796
2.0,2758.15,2758.45,2096.265625,2106.125,70.9,69.4,18.0,32.864583333333336,28,-1.1917272806167603,1.8481048345565796,-1.8552201986312866,0.051687825471162796
2.0,2761.8333333333335,2762.016666666667,2106.125,2112.5,69.4,68.2,11.0,34.77272727272727,29,-1.1917272806167603,1.8481048345565796,-1.8552201986312866,0.051687825471162796
2.0,2762.25,2762.4333333333334,2112.5,2118.859375,67.8,67.4,11.0,34.6875,30,-1.1917272806167603,1.8481048345565796,-1.8552201986312866,0.051687825471162796
2.0,2766.2166666666667,2766.4333333333334,2118.875,2129.15625,66.6,63.5,13.0,47.45192307692307,31,-1.1917272806167603,1.8481048345565796,-1.8552201986312866,0.051687825471162796
2.0,2784.6833333333334,2784.9333333333334,2129.15625,2142.859375,63.5,60.3,15.0,54.8125,32,-1.1917272806167603,1.8481048345565796,-1.8552201986312866,0.051687825471162796
2.0,2785.65,2785.9166666666665,2142.859375,2157.046875,59.6,56.0,16.0,53.203125,33,-1.1917272806167603,1.8481048345565796,-1.8552201986312866,0.051687825471162796
2.0,2787.7,2787.95,2157.046875,2170.640625,55.6,52.1,15.0,54.375,34,-1.1917272806167603,1.8481048345565796,-1.8552201986312866,0.051687825471162796
2.0,2788.2,2788.35,2170.640625,2177.8125,51.7,49.8,9.0,47.8125,35,-1.1917272806167603,1.8481048345565796,-1.8552201986312866,0.051687825471162796
2.0,2801.1833333333334,2801.4166666666665,2177.8125,2188.28125,47.8,45.0,14.0,44.86607142857143,36,-1.1917272806167603,1.8481048345565796,-1.8552201986312866,0.051687825471162796
2.0,2805.8333333333335,2806.116666666667,2188.28125,2201.890625,44.3,42.3,17.0,48.033088235294116,37,-1.1917272806167603,1.8481048345565796,-1.8552201986312866,0.051687825471162796
2.0,2811.983333333333,2812.25,2201.890625,2216.0625,41.9,38.8,16.0,53.14453125,38,-1.1917272806167603,1.8481048345565796,-1.8552201986312866,0.051687825471162796
2.0,2820.95,2821.3,2216.0625,2231.390625,38.0,33.7,21.0,43.79464285714286,39,-1.1917272806167603,1.8481048345565796,-1.8552201986312866,0.051687825471162796
2.0,2821.366666666667,2822.2166666666667,2231.390625,2286.71875,33.7,24.3,51.0,65.09191176470588,40,-1.1917272806167603,1.8481048345565796,-1.8552201986312866,0.051687825471162796
2.0,2822.25,2822.766666666667,2286.71875,2286.734375,24.3,59.2,31.0,0.030241935483870965,41,-0.004944240674376488,0.15412893891334534,0.5221627950668335,-0.3752703368663788
2.0,2822.766666666667,2823.2,2286.734375,2307.015625,59.2,55.6,26.0,46.80288461538461,42,-1.1917272806167603,1.8481048345565796,-1.8552201986312866,0.051687825471162796
2.0,2825.6,2826.0333333333333,2307.015625,2318.296875,51.7,49.8,26.0,26.033653846153847,43,-1.1917272806167603,1.8481048345565796,-1.8552201986312866,0.051687825471162796
2.0,2826.8166666666666,2826.9666666666667,2318.296875,2322.265625,49.8,49.8,9.0,26.458333333333336,44,-1.1917272806167603,1.8481048345565796,-1.8552201986312866,0.051687825471162796
2.0,2828.5666666666666,2830.366666666667,2322.265625,2411.515625,49.0,26.6,108.0,49.58333333333333,45,-1.1917272806167603,1.8481048345565796,-1.8552201986312866,0.051687825471162796
2.0,2830.366666666667,2830.5666666666666,2411.515625,2419.8125,26.6,25.8,12.0,41.484375,46,-1.1917272806167603,1.8481048345565796,-1.8552201986312866,0.051687825471162796
2.0,2830.5666666666666,2830.75,2419.8125,2419.84375,25.8,25.4,11.0,0.17045454545454547,47,-1.1917272806167603,1.8481048345565796,-1.8552201986312866,0.051687825471162796
2.0,2830.75,2834.65,2419.84375,2498.796875,25.4,12.1,234.0,20.244391025641026,48,-1.1917272806167603,1.8481048345565796,-1.8552201986312866,0.051687825471162796
2.0,2834.6666666666665,2834.8,2498.796875,2502.71875,12.1,11.3,8.0,29.4140625,49,-1.1917272806167603,1.8481048345565796,-1.8552201986312866,0.051687825471162796
2.0,2835.05,2835.05,2502.71875,2502.75,10.9,10.9,0.0,0.0,50,-1.1917272806167603,1.8481048345565796,-1.8552201986312866,0.051687825471162796
2.0,2835.0666666666666,2836.15,2502.75,2502.75,10.9,20.0,65.0,0.0,51,-0.004944240674376488,0.15412893891334534,-0.9619835019111633,-0.5287988185882568
2.0,2836.15,2836.2833333333333,2502.75,2507.140625,20.0,18.8,8.0,32.9296875,52,-1.1917272806167603,1.8481048345565796,-1.8552201986312866,0.051687825471162796
2.0,2854.35,2854.6666666666665,2507.140625,2520.84375,20.3,18.4,19.0,43.27302631578947,53,-1.1917272806167603,1.8481048345565796,-1.8552201986312866,0.051687825471162796
2.0,2854.6666666666665,2857.383333333333,2520.84375,2520.84375,18.4,34.9,163.0,0.0,54,-0.004944240674376488,0.15412893891334534,-0.9619835019111633,-0.5287988185882568
2.0,2857.383333333333,2857.4333333333334,2520.84375,2521.03125,34.9,34.9,3.0,3.75,55,-1.1917272806167603,1.8481048345565796,-1.8552201986312866,0.051687825471162796
2.0,2860.266666666667,2860.55,2521.03125,2535.15625,35.2,32.1,17.0,49.85294117647059,56,-1.1917272806167603,1.8481048345565796,-1.8552201986312866,0.051687825471162796
2.0,2874.883333333333,2875.4,2535.15625,2541.265625,30.5,29.8,31.0,11.824596774193548,57,-1.1917272806167603,1.8481048345565796,-1.8552201986312866,0.051687825471162796
2.0,2875.4,2875.6,2541.265625,2547.1875,29.8,28.6,12.0,29.609375,58,-1.1917272806167603,1.8481048345565796,-1.8552201986312866,0.051687825471162796
2.0,2875.883333333333,2876.15,2547.1875,2557.328125,28.2,27.0,16.0,38.02734375,59,-1.1917272806167603,1.8481048345565796,-1.8552201986312866,0.051687825471162796
2.0,2877.8,2877.95,2557.328125,2562.8125,26.6,25.8,9.0,36.5625,60,-1.1917272806167603,1.8481048345565796,-1.8552201986312866,0.051687825471162796
2.0,2878.1,2878.3333333333335,2562.8125,2573.890625,25.8,24.3,14.0,47.47767857142857,61,-1.1917272806167603,1.8481048345565796,-1.8552201986312866,0.051687825471162796
2.0,2878.35,2883.55,2573.890625,2573.890625,24.3,41.1,312.0,0.0,62,-0.004944240674376488,0.15412893891334534,-0.9619835019111633,-0.5287988185882568
2.0,2883.55,2883.5833333333335,2573.890625,2574.078125,41.1,41.1,2.0,5.625,63,-1.1917272806167603,1.8481048345565796,-1.8552201986312866,0.051687825471162796
2.0,2884.05,2884.2,2574.078125,2582.265625,41.1,39.6,9.0,54.583333333333336,64,-1.1917272806167603,1.8481048345565796,-1.8552201986312866,0.051687825471162796
2.0,2884.483333333333,2884.6666666666665,2582.265625,2588.34375,39.2,38.4,11.0,33.15340909090909,65,-1.1917272806167603,1.8481048345565796,-1.8552201986312866,0.051687825471162796
2.0,2899.116666666667,2899.6666666666665,2588.34375,2609.625,36.8,34.1,33.0,38.69318181818181,66,-1.1917272806167603,1.8481048345565796,-1.8552201986312866,0.051687825471162796
2.0,2899.6666666666665,2900.366666666667,2609.625,2609.65625,34.1,33.3,42.0,0.044642857142857144,67,-1.1917272806167603,1.8481048345565796,-1.8552201986312866,0.051687825471162796
2.0,2900.366666666667,2900.4333333333334,2609.65625,2611.796875,33.3,33.7,4.0,32.109375,68,-1.1917272806167603,1.8481048345565796,-1.8552201986312866,0.051687825471162796
2.0,2901.016666666667,2901.116666666667,2611.796875,2614.203125,33.7,33.3,6.0,24.0625,69,-1.1917272806167603,1.8481048345565796,-1.8552201986312866,0.051687825471162796
2.0,2921.0333333333333,2921.3166666666666,2614.203125,2625.515625,32.1,30.1,17.0,39.9264705882353,70,-1.1917272806167603,1.8481048345565796,-1.8552201986312866,0.051687825471162796
2.0,2921.383333333333,2922.0,2625.515625,2649.546875,30.1,26.2,37.0,38.96959459459459,71,-1.1917272806167603,1.8481048345565796,-1.8552201986312866,0.051687825471162796
2.0,2926.016666666667,2926.2833333333333,2649.546875,2657.875,25.8,24.3,16.0,31.23046875,72,-1.1917272806167603,1.8481048345565796,-1.8552201986312866,0.051687825471162796
2.0,2926.383333333333,2926.6,2657.875,2664.53125,24.3,23.9,13.0,30.721153846153847,73,-1.1917272806167603,1.8481048345565796,-1.8552201986312866,0.051687825471162796
2.0,2926.9166666666665,2927.0333333333333,2664.53125,2667.984375,23.5,23.1,7.0,29.598214285714285,74,-1.1917272806167603,1.8481048345565796,-1.8552201986312866,0.051687825471162796
2.0,2927.4166666666665,2927.55,2667.984375,2671.890625,23.1,22.7,8.0,29.296875,75,-1.1917272806167603,1.8481048345565796,-1.8552201986312866,0.051687825471162796
2.0,2927.85,2928.2,2671.890625,2687.1875,22.3,19.2,21.0,43.705357142857146,76,-1.1917272806167603,1.8481048345565796,-1.8552201986312866,0.051687825471162796
2.0,2929.2166666666667,2929.45,2687.1875,2694.96875,19.2,17.6,14.0,33.348214285714285,77,-1.1917272806167603,1.8481048345565796,-1.8552201986312866,0.051687825471162796
2.0,2929.5833333333335,2929.8333333333335,2694.96875,2704.03125,17.6,16.0,15.0,36.25,78,-1.1917272806167603,1.8481048345565796,-1.8552201986312866,0.051687825471162796
2.0,2946.1666666666665,2946.616666666667,2704.03125,2718.265625,15.6,13.3,27.0,31.631944444444443,79,-1.1917272806167603,1.8481048345565796,-1.8552201986312866,0.051687825471162796
2.0,2946.8166666666666,2947.2,2718.265625,2734.28125,12.9,10.5,23.0,41.77989130434782,80,-1.1917272806167603,1.8481048345565796,-1.8552201986312866,0.051687825471162796
2.0,2947.233333333333,2949.25,2734.28125,2734.28125,10.5,12.5,121.0,0.0,81,-0.004944240674376488,0.15412893891334534,-1.8552201986312866,0.051687825471162796
2.0,2949.25,2949.616666666667,2734.28125,2749.71875,12.5,10.1,22.0,42.102272727272734,82,-1.1917272806167603,1.8481048345565796,-1.8552201986312866,0.051687825471162796
2.0,2949.85,2950.233333333333,2749.71875,2765.46875,9.8,7.4,23.0,41.086956521739125,83,-1.1917272806167603,1.8481048345565796,-1.8552201986312866,0.051687825471162796
2.0,2950.6,2950.9166666666665,2765.46875,2776.53125,7.0,5.4,19.0,34.93421052631579,84,-1.1917272806167603,1.8481048345565796,-1.8552201986312866,0.051687825471162796
2.0,2950.9333333333334,2953.2,2776.53125,2776.53125,5.4,22.3,136.0,0.0,85,-0.004944240674376488,0.15412893891334534,-0.9619835019111633,-0.5287988185882568
2.0,2953.2,2953.3,2776.53125,2777.484375,22.3,22.3,6.0,9.53125,86,-1.1917272806167603,1.8481048345565796,-1.8552201986312866,0.051687825471162796
2.0,2953.3166666666666,2953.616666666667,2777.484375,2777.484375,22.3,24.3,18.0,0.0,87,-0.004944240674376488,0.15412893891334534,-0.9619835019111633,-0.5287988185882568
2.0,2953.616666666667,2953.6833333333334,2777.484375,2778.328125,24.3,24.7,4.0,12.65625,88,-1.1917272806167603,1.8481048345565796,-1.8552201986312866,0.051687825471162796
2.0,2953.6833333333334,2956.7166666666667,2778.328125,2778.328125,24.7,51.3,182.0,0.0,89,-0.004944240674376488,0.15412893891334534,-0.9619835019111633,-0.5287988185882568
2.0,2956.7166666666667,2956.75,2778.328125,2778.59375,51.3,51.3,2.0,7.96875,90,-1.1917272806167603,1.8481048345565796,-1.8552201986312866,0.051687825471162796
2.0,2957.1666666666665,2957.383333333333,2778.609375,2790.234375,51.3,48.6,13.0,53.65384615384615,91,-1.1917272806167603,1.8481048345565796,-1.8552201986312866,0.051687825471162796
2.0,2969.8333333333335,2970.133333333333,2790.234375,2800.4375,48.6,47.0,18.0,34.01041666666667,92,-1.1917272806167603,1.8481048345565796,-1.8552201986312866,0.051687825471162796
2.0,2970.133333333333,2970.766666666667,2800.4375,2800.4375,47.0,50.5,38.0,0.0,93,-0.004944240674376488,0.15412893891334534,-0.9619835019111633,-0.5287988185882568
2.0,2970.766666666667,2970.85,2800.4375,2802.875,50.5,50.5,5.0,29.25,94,-1.1917272806167603,1.8481048345565796,-1.8552201986312866,0.051687825471162796
2.0,2970.866666666667,2971.1666666666665,2802.875,2802.875,50.5,52.5,18.0,0.0,95,-0.004944240674376488,0.15412893891334534,-0.9619835019111633,-0.5287988185882568
2.0,2971.1666666666665,2971.4666666666667,2802.875,2811.671875,52.5,50.5,18.0,29.322916666666668,96,-1.1917272806167603,1.8481048345565796,-1.8552201986312866,0.051687825471162796
2.0,2971.7,2973.15,2811.671875,2875.703125,50.5,39.6,87.0,44.15948275862069,97,-1.1917272806167603,1.8481048345565796,-1.8552201986312866,0.051687825471162796
2.0,2973.15,2974.2833333333333,2875.703125,2875.75,39.6,38.8,68.0,0.04136029411764706,98,-1.1917272806167603,1.8481048345565796,-1.8552201986312866,0.051687825471162796
2.0,2974.2833333333333,2974.5333333333333,2875.75,2886.8125,38.8,36.8,15.0,44.25,99,-1.1917272806167603,1.8481048345565796,-1.8552201986312866,0.051687825471162796
2.0,2974.55,2974.5666666666666,2886.8125,2887.03125,36.8,36.8,1.0,13.125,100,-1.1917272806167603,1.8481048345565796,-1.8552201986312866,0.051687825471162796
2.0,2974.5666666666666,2975.9666666666667,2887.03125,2887.03125,36.8,48.6,84.0,0.0,101,-0.004944240674376488,0.15412893891334534,-0.9619835019111633,-0.5287988185882568
2.0,2975.9666666666667,2976.25,2887.03125,2895.171875,48.6,47.0,17.0,28.731617647058826,102,-1.1917272806167603,1.8481048345565796,-1.8552201986312866,0.051687825471162796
2.0,2976.266666666667,2976.8,2895.171875,2900.703125,47.0,45.8,32.0,10.37109375,103,-1.1917272806167603,1.8481048345565796,-1.8552201986312866,0.051687825471162796
2.0,2977.233333333333,2977.4166666666665,2900.703125,2910.1875,45.0,43.9,11.0,51.73295454545455,104,-1.1917272806167603,1.8481048345565796,-1.8552201986312866,0.051687825471162796
2.0,2977.4166666666665,2979.95,2910.1875,2910.1875,43.9,65.8,152.0,0.0,105,-0.004944240674376488,0.15412893891334534,-0.9619835019111633,-0.5287988185882568
2.0,2979.95,2980.1833333333334,2910.1875,2921.828125,65.8,63.1,14.0,49.888392857142854,106,-1.1917272806167603,1.8481048345565796,-1.8552201986312866,0.051687825471162796
2.0,2998.75,2998.95,2921.828125,2928.125,63.9,63.1,12.0,31.484375,107,-1.1917272806167603,1.8481048345565796,-1.8552201986312866,0.051687825471162796
2.0,2999.016666666667,2999.266666666667,2928.125,2935.0,63.1,61.9,15.0,27.5,108,-1.1917272806167603,1.8481048345565796,-1.8552201986312866,0.051687825471162796
2.0,3000.133333333333,3000.5,2935.0,2948.328125,61.1,59.2,22.0,36.34943181818182,109,-1.1917272806167603,1.8481048345565796,-1.8552201986312866,0.051687825471162796
2.0,3022.3333333333335,3022.6833333333334,2948.328125,2959.421875,58.8,57.6,21.0,31.696428571428573,110,-1.1917272806167603,1.8481048345565796,-1.8552201986312866,0.051687825471162796
2.0,3022.7,3025.5333333333333,2959.421875,2959.421875,57.6,82.7,170.0,0.0,111,-0.004944240674376488,0.15412893891334534,-0.9619835019111633,-0.5287988185882568
2.0,3025.5333333333333,3025.5666666666666,2959.421875,2959.578125,82.7,82.7,2.0,4.6875,112,-1.1917272806167603,1.8481048345565796,-1.8552201986312866,0.051687825471162796
2.0,3027.15,3027.1833333333334,2959.578125,2960.015625,82.3,82.3,2.0,13.125,113,-1.1917272806167603,1.8481048345565796,-1.8552201986312866,0.051687825471162796
2.0,3028.2833333333333,3028.45,2960.015625,2968.1875,81.9,80.3,10.0,49.03125,114,-1.1917272806167603,1.8481048345565796,-1.8552201986312866,0.051687825471162796
2.0,3028.6833333333334,3028.9166666666665,2968.1875,2976.921875,80.0,78.0,14.0,37.433035714285715,115,-1.1917272806167603,1.8481048345565796,-1.8552201986312866,0.051687825471162796
2.0,3040.0333333333333,3040.266666666667,2976.921875,2988.015625,78.0,76.8,14.0,47.544642857142854,116,-1.1917272806167603,1.8481048345565796,-1.8552201986312866,0.051687825471162796
2.0,3040.2833333333333,3042.35,2988.015625,2988.015625,76.8,93.7,124.0,0.0,117,-0.004944240674376488,0.15412893891334534,-0.9619835019111633,-0.5287988185882568
2.0,3042.35,3042.4,2988.015625,2988.203125,93.7,93.7,3.0,3.75,118,-1.1917272806167603,1.8481048345565796,-1.8552201986312866,0.051687825471162796
2.0,3046.4166666666665,3046.7166666666667,2988.203125,2999.984375,93.3,90.9,18.0,39.270833333333336,119,-1.1917272806167603,1.8481048345565796,-1.8552201986312866,0.051687825471162796
2.0,3050.0833333333335,3050.15,3000.0,3002.25,90.5,90.5,4.0,33.75,120,-1.1917272806167603,1.8481048345565796,-1.8552201986312866,0.051687825471162796
2.0,3050.233333333333,3050.3,3002.25,3004.203125,90.5,89.8,4.0,29.296875,121,-1.1917272806167603,1.8481048345565796,-1.8552201986312866,0.051687825471162796
2.0,3062.2833333333333,3062.366666666667,3004.203125,3006.359375,89.8,88.6,5.0,25.875,122,-1.1917272806167603,1.8481048345565796,-1.8552201986312866,0.051687825471162796
2.0,3062.5,3062.5666666666666,3006.359375,3008.53125,88.6,88.6,4.0,32.578125,123,-1.1917272806167603,1.8481048345565796,-1.8552201986312866,0.051687825471162796
2.0,3071.4333333333334,3071.633333333333,3008.546875,3015.46875,87.8,87.0,12.0,34.609375,124,-1.1917272806167603,1.8481048345565796,-1.8552201986312866,0.051687825471162796
2.0,3071.8,3072.016666666667,3015.46875,3022.03125,86.6,85.0,13.0,30.288461538461537,125,-1.1917272806167603,1.8481048345565796,-1.8552201986312866,0.051687825471162796
2.0,3089.5333333333333,3089.55,3022.03125,3022.578125,84.7,84.7,1.0,32.8125,126,-1.1917272806167603,1.8481048345565796,-1.8552201986312866,0.051687825471162796
2.0,3089.5666666666666,3090.9166666666665,3022.578125,3022.578125,84.7,86.2,81.0,0.0,127,-0.004944240674376488,0.15412893891334534,0.2794134318828583,1.5181301832199097
2.0,3090.9166666666665,3091.05,3022.578125,3025.53125,86.2,86.2,8.0,22.1484375,128,-1.1917272806167603,1.8481048345565796,-1.8552201986312866,0.051687825471162796
2.0,3091.0833333333335,3093.25,3025.53125,3081.25,86.2,76.4,130.0,25.716346153846157,129,-1.1917272806167603,1.8481048345565796,-1.8552201986312866,0.051687825471162796
2.0,3093.266666666667,3093.366666666667,3081.25,3083.78125,76.4,76.0,6.0,25.3125,130,-1.1917272806167603,1.8481048345565796,-1.8552201986312866,0.051687825471162796
2.0,3093.9666666666667,3096.1833333333334,3083.78125,3202.0,76.0,52.5,133.0,53.33176691729323,131,-1.1917272806167603,1.8481048345565796,-1.8552201986312866,0.051687825471162796
2.0,3096.3,3096.866666666667,3202.0,3243.71875,52.1,41.9,34.0,73.62132352941177,132,-1.1917272806167603,1.8481048345565796,-1.8552201986312866,0.051687825471162796
2.0,3097.1666666666665,3098.05,3243.71875,3317.84375,41.9,24.3,53.0,83.91509433962264,133,-1.1917272806167603,1.8481048345565796,-1.8552201986312866,0.051687825471162796
2.0,3098.1,3098.133333333333,3317.84375,3318.3125,24.3,24.3,2.0,14.0625,134,-1.1917272806167603,1.8481048345565796,-1.8552201986312866,0.051687825471162796
2.0,3098.15,3099.733333333333,3318.3125,3318.3125,24.3,38.4,95.0,0.0,135,-0.004944240674376488,0.15412893891334534,-0.9619835019111633,-0.5287988185882568
2.0,3099.733333333333,3101.116666666667,3318.3125,3372.109375,38.4,29.8,83.0,38.88930722891566,136,-1.1917272806167603,1.8481048345565796,-1.8552201986312866,0.051687825471162796
2.0,3101.1666666666665,3117.45,3372.109375,3372.109375,29.8,49.8,977.0,0.0,137,-0.004944240674376488,0.15412893891334534,0.2794134318828583,1.5181301832199097
2.0,3117.45,3120.5333333333333,3372.109375,3475.96875,49.8,30.5,185.0,33.68412162162162,138,-1.1917272806167603,1.8481048345565796,-1.8552201986312866,0.051687825471162796
2.0,3120.55,3120.633333333333,3475.96875,3475.96875,30.5,30.9,5.0,0.0,139,-0.004944240674376488,0.15412893891334534,-0.9619835019111633,-0.5287988185882568
2.0,3120.633333333333,3121.1833333333334,3475.96875,3494.171875,30.9,27.4,33.0,33.09659090909091,140,-1.1917272806167603,1.8481048345565796,-1.8552201986312866,0.051687825471162796
2.0,3121.25,3121.8333333333335,3494.171875,3513.078125,27.4,25.0,35.0,32.410714285714285,141,-1.1917272806167603,1.8481048345565796,-1.8552201986312866,0.051687825471162796
2.0,3121.85,3123.95,3513.078125,3513.078125,25.0,43.5,126.0,0.0,142,-0.004944240674376488,0.15412893891334534,-0.9619835019111633,-0.5287988185882568
2.0,3123.95,3124.0666666666666,3513.078125,3515.25,43.5,43.5,7.0,18.616071428571427,143,-1.1917272806167603,1.8481048345565796,-1.8552201986312866,0.051687825471162796
2.0,3124.1,3126.983333333333,3515.25,3645.8125,43.5,16.8,173.0,45.28179190751445,144,-1.1917272806167603,1.8481048345565796,-1.8552201986312866,0.051687825471162796
2.0,3127.0,3136.4,3645.8125,3645.8125,16.8,28.2,564.0,0.0,145,-0.004944240674376488,0.15412893891334534,0.2794134318828583,1.5181301832199097
2.0,3136.4,3137.5666666666666,3645.8125,3696.296875,28.2,19.6,70.0,43.27232142857142,146,-1.1917272806167603,1.8481048345565796,-1.8552201986312866,0.051687825471162796
2.0,3137.5833333333335,3139.616666666667,3696.296875,3696.296875,19.6,37.6,122.0,0.0,147,-0.004944240674376488,0.15412893891334534,-0.9619835019111633,-0.5287988185882568
2.0,3139.616666666667,3141.1666666666665,3696.296875,3778.484375,37.6,21.9,93.0,53.024193548387096,148,-1.1917272806167603,1.8481048345565796,-1.8552201986312866,0.051687825471162796
2.0,3141.1666666666665,3142.4,3778.484375,3778.484375,21.9,32.1,74.0,0.0,149,-0.004944240674376488,0.15412893891334534,-0.9619835019111633,-0.5287988185882568
2.0,3142.4,3142.7166666666667,3778.484375,3790.109375,32.1,29.4,19.0,36.71052631578947,150,-1.1917272806167603,1.8481048345565796,-1.8552201986312866,0.051687825471162796
2.0,3144.133333333333,3145.0,3790.109375,3822.453125,29.0,23.9,52.0,37.31971153846154,151,-1.1917272806167603,1.8481048345565796,-1.8552201986312866,0.051687825471162796
2.0,3145.0333333333333,3145.483333333333,3822.453125,3852.03125,23.9,17.6,27.0,65.72916666666667,152,-1.1917272806167603,1.8481048345565796,-1.8552201986312866,0.051687825471162796
2.0,3145.733333333333,3145.9,3852.03125,3857.46875,17.6,17.2,10.0,32.625,153,-1.1917272806167603,1.8481048345565796,-1.8552201986312866,0.051687825471162796
2.0,3145.9,3147.4,3857.46875,3857.46875,17.2,31.3,90.0,0.0,154,-0.004944240674376488,0.15412893891334534,-0.9619835019111633,-0.5287988185882568
2.0,3147.4,3147.6833333333334,3857.46875,3869.421875,31.3,30.1,17.0,42.1875,155,-1.1917272806167603,1.8481048345565796,-1.8552201986312866,0.051687825471162796
2.0,3147.8333333333335,3150.2833333333333,3869.421875,3997.6875,30.1,3.5,147.0,52.35331632653061,156,-1.1917272806167603,1.8481048345565796,-1.8552201986312866,0.051687825471162796
2.0,3150.2833333333333,3150.5333333333333,3997.6875,3997.6875,3.5,4.7,15.0,0.0,157,-0.004944240674376488,0.15412893891334534,-0.9619835019111633,-0.5287988185882568
2.0,3150.5333333333333,3150.6666666666665,3997.6875,4002.234375,4.7,3.9,8.0,34.1015625,158,-1.1917272806167603,1.8481048345565796,-1.8552201986312866,0.051687825471162796
2.0,3150.6833333333334,3151.483333333333,4002.234375,4002.234375,3.9,7.0,48.0,0.0,159,-0.004944240674376488,0.15412893891334534,-0.9619835019111633,-0.5287988185882568
2.0,3151.483333333333,3151.5833333333335,4002.234375,4004.5,7.0,6.2,6.0,22.65625,160,-1.1917272806167603,1.8481048345565796,-1.8552201986312866,0.051687825471162796
2.0,3151.616666666667,3151.616666666667,4004.5,4004.515625,6.2,6.2,0.0,0.0,161,-1.1917272806167603,1.8481048345565796,-1.8552201986312866,0.051687825471162796
2.0,3151.6833333333334,3151.9333333333334,4004.53125,4004.53125,6.2,20.0,15.0,0.0,162,-0.004944240674376488,0.15412893891334534,0.5221627950668335,-0.3752703368663788
2.0,3151.9333333333334,3152.4333333333334,4004.53125,4035.515625,20.0,13.3,30.0,61.96875,163,-1.1917272806167603,1.8481048345565796,-1.8552201986312866,0.051687825471162796
2.0,3152.4333333333334,3167.2833333333333,4035.515625,4035.515625,13.3,31.3,891.0,0.0,164,-0.004944240674376488,0.15412893891334534,0.2794134318828583,1.5181301832199097
2.0,3167.2833333333333,3167.55,4035.515625,4043.625,31.3,29.8,16.0,30.41015625,165,-1.1917272806167603,1.8481048345565796,-1.8552201986312866,0.051687825471162796
2.0,3167.5833333333335,3168.6833333333334,4043.625,4081.328125,29.8,24.7,66.0,34.27556818181818,166,-1.1917272806167603,1.8481048345565796,-1.8552201986312866,0.051687825471162796
2.0,3168.7,3169.3333333333335,4081.328125,4081.328125,24.7,29.8,38.0,0.0,167,-0.004944240674376488,0.15412893891334534,-0.9619835019111633,-0.5287988185882568
2.0,3169.3333333333335,3169.633333333333,4081.328125,4096.984375,29.8,27.0,18.0,52.1875,168,-1.1917272806167603,1.8481048345565796,-1.8552201986312866,0.051687825471162796
2.0,3169.9166666666665,3170.616666666667,4096.984375,4137.046875,27.0,18.8,42.0,57.23214285714286,169,-1.1917272806167603,1.8481048345565796,-1.8552201986312866,0.051687825471162796
2.0,3170.766666666667,3171.3333333333335,4137.046875,4137.046875,18.8,47.0,34.0,0.0,170,-0.004944240674376488,0.15412893891334534,0.5221627950668335,-0.3752703368663788
2.0,3171.3333333333335,3172.3166666666666,4137.046875,4160.046875,47.0,43.1,59.0,23.389830508474578,171,-1.1917272806167603,1.8481048345565796,-1.8552201986312866,0.051687825471162796
2.0,3172.3333333333335,3172.45,4160.046875,4160.046875,43.1,43.9,7.0,0.0,172,-0.004944240674376488,0.15412893891334534,-0.9619835019111633,-0.5287988185882568
2.0,3172.45,3176.383333333333,4160.046875,4336.84375,43.9,9.4,236.0,44.94835805084746,173,-1.1917272806167603,1.8481048345565796,-1.8552201986312866,0.051687825471162796
2.0,3176.4,3189.7833333333333,4336.84375,4336.84375,9.4,25.4,803.0,0.0,174,-0.004944240674376488,0.15412893891334534,0.2794134318828583,1.5181301832199097
2.0,3189.7833333333333,3190.0333333333333,4336.84375,4344.9375,25.4,23.9,15.0,32.375,175,-1.1917272806167603,1.8481048345565796,-1.8552201986312866,0.051687825471162796
2.0,3190.05,3190.1666666666665,4344.9375,4348.90625,23.9,23.9,7.0,34.01785714285714,176,-1.1917272806167603,1.8481048345565796,-1.8552201986312866,0.051687825471162796
2.0,3190.4666666666667,3191.3,4348.90625,4367.265625,23.5,20.3,50.0,22.03125,177,-1.1917272806167603,1.8481048345565796,-1.8552201986312866,0.051687825471162796
2.0,3191.3166666666666,3192.366666666667,4367.265625,4367.265625,20.3,70.9,63.0,0.0,178,-0.004944240674376488,0.15412893891334534,0.5221627950668335,-0.3752703368663788
2.0,3192.366666666667,3193.483333333333,4367.265625,4384.640625,70.9,67.0,67.0,15.559701492537313,179,-1.1917272806167603,1.8481048345565796,-1.8552201986312866,0.051687825471162796
2.0,3193.866666666667,3195.9666666666667,4384.640625,4473.140625,67.0,49.0,126.0,42.14285714285714,180,-1.1917272806167603,1.8481048345565796,-1.8552201986312866,0.051687825471162796
2.0,3195.9666666666667,3196.116666666667,4473.140625,4473.140625,49.0,49.8,9.0,0.0,181,-0.004944240674376488,0.15412893891334534,-0.9619835019111633,-0.5287988185882568
2.0,3196.116666666667,3198.5666666666666,4473.140625,4585.78125,49.8,27.4,147.0,45.97576530612245,182,-1.1917272806167603,1.8481048345565796,-1.8552201986312866,0.051687825471162796
1.0,113.96666666666667,114.11666666666666,4974.078125,4975.34375,59.6,59.6,9.0,8.4375,183,-1.1917272806167603,1.8481048345565796,-1.8552201986312866,0.051687825471162796
1.0,114.13333333333334,114.66666666666667,4975.34375,4975.34375,59.6,64.3,32.0,0.0,184,-0.004944240674376488,0.15412893891334534,-1.8552201986312866,0.051687825471162796
1.0,114.66666666666667,115.05,4975.34375,4981.546875,64.3,62.3,23.0,16.182065217391305,185,-1.1917272806167603,1.8481048345565796,-1.8552201986312866,0.051687825471162796
1.0,115.05,115.06666666666666,4981.546875,4981.5625,62.3,62.3,1.0,0.9375,186,-1.1917272806167603,1.8481048345565796,-1.8552201986312866,0.051687825471162796
1.0,115.06666666666666,117.65,4981.5625,4998.109375,62.3,59.6,155.0,6.405241935483871,187,-1.1917272806167603,1.8481048345565796,-1.8552201986312866,0.051687825471162796
1.0,117.65,117.7,4998.109375,4998.59375,59.6,59.6,3.0,9.6875,188,-1.1917272806167603,1.8481048345565796,-1.8552201986312866,0.051687825471162796
1.0,117.7,118.1,4998.59375,5000.78125,59.6,58.8,24.0,5.46875,189,-1.1917272806167603,1.8481048345565796,-1.8552201986312866,0.051687825471162796
1.0,118.1,118.55,5000.78125,5006.25,58.8,58.4,27.0,12.152777777777777,190,-1.1917272806167603,1.8481048345565796,-1.8552201986312866,0.051687825471162796
1.0,118.63333333333334,118.68333333333334,5006.25,5007.3125,57.6,57.6,3.0,21.25,191,-1.1917272806167603,1.8481048345565796,-1.8552201986312866,0.051687825471162796
1.0,118.68333333333334,118.71666666666667,5007.3125,5007.5,57.6,57.6,2.0,5.625,192,-1.1917272806167603,1.8481048345565796,-1.8552201986312866,0.051687825471162796
1.0,119.06666666666666,119.08333333333333,5007.5,5008.265625,68.6,68.6,1.0,45.9375,193,-1.1917272806167603,1.8481048345565796,-1.8552201986312866,0.051687825471162796
1.0,119.08333333333333,119.16666666666667,5008.265625,5010.078125,68.6,68.6,5.0,21.75,194,-1.1917272806167603,1.8481048345565796,-1.8552201986312866,0.051687825471162796
1.0,120.4,120.61666666666666,5010.078125,5015.25,68.2,67.0,13.0,23.870192307692307,195,-1.1917272806167603,1.8481048345565796,-1.8552201986312866,0.051687825471162796
1.0,120.76666666666667,120.95,5015.25,5024.5625,66.6,64.7,11.0,50.79545454545455,196,-1.1917272806167603,1.8481048345565796,-1.8552201986312866,0.051687825471162796
1.0,121.25,121.31666666666666,5024.5625,5025.71875,63.9,63.9,4.0,17.34375,197,-1.1917272806167603,1.8481048345565796,-1.8552201986312866,0.051687825471162796
1.0,133.88333333333333,134.35,5025.71875,5047.5,63.5,57.6,28.0,46.67410714285714,198,-1.1917272806167603,1.8481048345565796,-1.8552201986312866,0.051687825471162796
1.0,137.05,137.65,5047.5,5070.328125,56.4,52.5,36.0,38.046875,199,-1.1917272806167603,1.8481048345565796,-1.8552201986312866,0.051687825471162796
1.0,142.68333333333334,143.36666666666667,5070.328125,5086.34375,51.7,49.4,41.0,23.4375,200,-1.1917272806167603,1.8481048345565796,-1.8552201986312866,0.051687825471162796
1.0,144.38333333333333,144.5,5086.34375,5088.5,49.0,48.6,7.0,18.482142857142858,201,-1.1917272806167603,1.8481048345565796,-1.8552201986312866,0.051687825471162796
1.0,145.3,155.55,5088.5,5105.359375,78.4,74.1,615.0,1.6448170731707317,202,-1.1917272806167603,1.8481048345565796,-1.8552201986312866,0.051687825471162796
1.0,155.55,156.43333333333334,5105.359375,5189.65625,74.1,44.3,53.0,95.43042452830188,203,-1.1917272806167603,1.8481048345565796,-1.8552201986312866,0.051687825471162796
1.0,158.41666666666666,158.7,5189.65625,5201.6875,43.5,40.0,17.0,42.463235294117645,204,-1.1917272806167603,1.8481048345565796,-1.8552201986312866,0.051687825471162796
1.0,158.7,160.86666666666667,5201.6875,5201.765625,40.0,40.3,130.0,0.03605769230769231,205,-1.1917272806167603,1.8481048345565796,-1.8552201986312866,0.051687825471162796
1.0,160.86666666666667,160.98333333333332,5201.765625,5204.515625,40.3,40.0,7.0,23.57142857142857,206,-1.1917272806167603,1.8481048345565796,-1.8552201986312866,0.051687825471162796
1.0,161.0,170.21666666666667,5204.515625,5204.515625,40.0,100.0,553.0,0.0,207,-0.004944240674376488,0.15412893891334534,-0.9619835019111633,-0.5287988185882568
1.0,170.21666666666667,170.36666666666667,5204.515625,5207.25,100.0,100.0,9.0,18.229166666666668,208,-1.1917272806167603,1.8481048345565796,-1.8552201986312866,0.051687825471162796
1.0,181.48333333333332,182.3,5207.25,5286.109375,100.0,78.4,49.0,96.5625,209,-1.1917272806167603,1.8481048345565796,-1.8552201986312866,0.051687825471162796
1.0,185.23333333333332,185.28333333333333,5286.109375,5287.15625,77.6,77.6,3.0,20.9375,210,-1.1917272806167603,1.8481048345565796,-1.8552201986312866,0.051687825471162796
1.0,185.28333333333333,187.61666666666667,5287.15625,5366.84375,77.6,56.8,140.0,34.151785714285715,211,-1.1917272806167603,1.8481048345565796,-1.8552201986312866,0.051687825471162796
1.0,187.61666666666667,187.63333333333333,5366.84375,5366.875,56.8,56.8,1.0,1.875,212,-1.1917272806167603,1.8481048345565796,-1.8552201986312866,0.051687825471162796
1.0,187.75,210.73333333333332,5445.390625,5445.390625,56.4,78.0,1379.0,0.0,213,-0.004944240674376488,0.15412893891334534,0.2794134318828583,1.5181301832199097
1.0,210.73333333333332,210.85,5445.390625,5446.46875,78.0,78.0,7.0,9.241071428571429,214,-1.1917272806167603,1.8481048345565796,-1.8552201986312866,0.051687825471162796
1.0,215.06666666666666,215.36666666666667,5446.46875,5454.53125,76.4,74.1,18.0,26.875,215,-1.1917272806167603,1.8481048345565796,-1.8552201986312866,0.051687825471162796
1.0,215.36666666666667,216.4,5454.53125,5540.78125,74.1,48.6,62.0,83.46774193548386,216,-1.1917272806167603,1.8481048345565796,-1.8552201986312866,0.051687825471162796
1.0,219.61666666666667,233.68333333333334,5540.78125,5540.78125,49.4,74.5,844.0,0.0,217,-0.004944240674376488,0.15412893891334534,0.2794134318828583,1.5181301832199097
1.0,233.68333333333334,233.78333333333333,5540.78125,5540.8125,74.5,74.1,6.0,0.3125,218,-1.1917272806167603,1.8481048345565796,-1.8552201986312866,0.051687825471162796
1.0,233.78333333333333,234.73333333333332,5540.8125,5631.203125,74.1,54.9,57.0,95.14802631578948,219,-1.1917272806167603,1.8481048345565796,-1.8552201986312866,0.051687825471162796
1.0,234.86666666666667,234.95,5631.203125,5633.40625,54.1,54.1,5.0,26.4375,220,-1.1917272806167603,1.8481048345565796,-1.8552201986312866,0.051687825471162796
1.0,235.26666666666668,235.35,5633.40625,5635.734375,53.7,53.7,5.0,27.9375,221,-1.1917272806167603,1.8481048345565796,-1.8552201986312866,0.051687825471162796
1.0,236.51666666666668,237.85,5635.734375,5730.109375,53.3,27.0,80.0,70.78125,222,-1.1917272806167603,1.8481048345565796,-1.8552201986312866,0.051687825471162796
1.0,238.0,238.23333333333332,5730.125,5735.203125,27.0,26.2,14.0,21.763392857142858,223,-1.1917272806167603,1.8481048345565796,-1.8552201986312866,0.051687825471162796
1.0,238.23333333333332,254.01666666666668,5735.203125,5735.203125,26.2,100.0,947.0,0.0,224,-0.004944240674376488,0.15412893891334534,-0.9619835019111633,-0.5287988185882568
1.0,254.01666666666668,254.15,5735.203125,5739.125,100.0,99.2,8.0,29.4140625,225,-1.1917272806167603,1.8481048345565796,-1.8552201986312866,0.051687825471162796
1.0,254.15,255.13333333333333,5739.125,5824.203125,99.2,78.0,59.0,86.52012711864407,226,-1.1917272806167603,1.8481048345565796,-1.8552201986312866,0.051687825471162796
1.0,255.13333333333333,280.6,5824.203125,5909.734375,78.0,53.7,1528.0,3.358556937172775,227,-1.1917272806167603,1.8481048345565796,-1.8552201986312866,0.051687825471162796
1.0,280.6,280.6333333333333,5909.734375,5909.765625,53.7,53.7,2.0,0.9375,228,-1.1917272806167603,1.8481048345565796,-1.8552201986312866,0.051687825471162796
1.0,280.65,285.8,5909.765625,5909.765625,53.7,62.3,309.0,0.0,229,-0.004944240674376488,0.15412893891334534,0.2794134318828583,1.5181301832199097
1.0,285.8,286.73333333333335,5909.765625,5996.625,62.3,41.5,56.0,93.06361607142857,230,-1.1917272806167603,1.8481048345565796,-1.8552201986312866,0.051687825471162796
1.0,286.8,286.8333333333333,5996.625,5996.96875,41.5,41.5,2.0,10.3125,231,-1.1917272806167603,1.8481048345565796,-1.8552201986312866,0.051687825471162796
1.0,286.85,286.98333333333335,5996.96875,5996.96875,41.5,50.1,8.0,0.0,232,-0.004944240674376488,0.15412893891334534,-1.8552201986312866,0.051687825471162796
1.0,286.98333333333335,288.25,5996.96875,5998.875,50.1,50.9,76.0,1.504934210526316,233,-1.1917272806167603,1.8481048345565796,-1.8552201986312866,0.051687825471162796
1.0,288.25,289.43333333333334,5998.875,6084.390625,50.9,25.8,71.0,72.26672535211267,234,-1.1917272806167603,1.8481048345565796,-1.8552201986312866,0.051687825471162796
1.0,289.51666666666665,291.6,6084.390625,6084.390625,25.8,29.4,125.0,0.0,235,-0.004944240674376488,0.15412893891334534,0.2794134318828583,1.5181301832199097
1.0,291.6,291.68333333333334,6084.390625,6087.234375,29.4,28.2,5.0,34.125,236,-1.1917272806167603,1.8481048345565796,-1.8552201986312866,0.051687825471162796
1.0,291.7,301.31666666666666,6087.234375,6087.234375,28.2,100.0,577.0,0.0,237,-0.004944240674376488,0.15412893891334534,-0.9619835019111633,-0.5287988185882568
1.0,301.31666666666666,302.26666666666665,6087.234375,6163.546875,100.0,85.8,57.0,80.32894736842105,238,-1.1917272806167603,1.8481048345565796,-1.8552201986312866,0.051687825471162796
1.0,302.26666666666665,302.35,6163.546875,6163.59375,85.8,85.4,5.0,0.5625,239,-1.1917272806167603,1.8481048345565796,-1.8552201986312866,0.051687825471162796
1.0,302.35,302.3833333333333,6163.59375,6164.609375,85.4,85.4,2.0,30.46875,240,-1.1917272806167603,1.8481048345565796,-1.8552201986312866,0.051687825471162796
1.0,305.0833333333333,305.1,6164.609375,6164.625,84.3,84.3,1.0,0.9375,241,-1.1917272806167603,1.8481048345565796,-1.8552201986312866,0.051687825471162796
1.0,305.1166666666667,305.23333333333335,6164.625,6165.65625,84.3,84.3,7.0,8.839285714285714,242,-1.1917272806167603,1.8481048345565796,-1.8552201986312866,0.051687825471162796
1.0,305.46666666666664,305.6166666666667,6165.65625,6168.609375,84.3,83.5,9.0,19.6875,243,-1.1917272806167603,1.8481048345565796,-1.8552201986312866,0.051687825471162796
1.0,309.48333333333335,309.6333333333333,6168.609375,6170.328125,83.1,82.7,9.0,11.458333333333334,244,-1.1917272806167603,1.8481048345565796,-1.8552201986312866,0.051687825471162796
1.0,309.78333333333336,309.8,6170.328125,6170.34375,82.3,82.3,1.0,0.9375,245,-1.1917272806167603,1.8481048345565796,-1.8552201986312866,0.051687825471162796
1.0,309.8333333333333,309.8833333333333,6170.34375,6170.34375,82.3,82.3,3.0,0.0,246,-1.1917272806167603,1.8481048345565796,-1.8552201986312866,0.051687825471162796
1.0,309.9,309.93333333333334,6170.34375,6170.640625,82.3,82.3,2.0,8.90625,247,-1.1917272806167603,1.8481048345565796,-1.8552201986312866,0.051687825471162796
1.0,309.98333333333335,310.65,6170.640625,6180.640625,82.3,80.3,40.0,15.0,248,-1.1917272806167603,1.8481048345565796,-1.8552201986312866,0.051687825471162796
1.0,310.65,310.71666666666664,6180.640625,6181.84375,80.3,80.0,4.0,18.046875,249,-1.1917272806167603,1.8481048345565796,-1.8552201986312866,0.051687825471162796
1.0,310.71666666666664,311.35,6181.84375,6181.84375,80.0,81.5,38.0,0.0,250,-0.004944240674376488,0.15412893891334534,-0.9619835019111633,-0.5287988185882568
1.0,311.35,311.45,6181.84375,6181.84375,81.5,81.5,6.0,0.0,251,-1.1917272806167603,1.8481048345565796,-1.8552201986312866,0.051687825471162796
1.0,313.5,314.45,6181.84375,6267.171875,81.5,56.4,57.0,89.81907894736842,252,-1.1917272806167603,1.8481048345565796,-1.8552201986312866,0.051687825471162796
1.0,314.45,325.3666666666667,6267.171875,6267.25,56.4,56.4,655.0,0.007156488549618321,253,-1.1917272806167603,1.8481048345565796,-1.8552201986312866,0.051687825471162796
1.0,325.3666666666667,326.4166666666667,6267.25,6351.96875,56.4,38.8,63.0,80.68452380952381,254,-1.1917272806167603,1.8481048345565796,-1.8552201986312866,0.051687825471162796
1.0,329.01666666666665,329.56666666666666,6351.96875,6380.484375,38.4,30.5,33.0,51.84659090909091,255,-1.1917272806167603,1.8481048345565796,-1.8552201986312866,0.051687825471162796
1.0,329.56666666666666,330.05,6380.484375,6380.484375,30.5,65.4,29.0,0.0,256,-0.004944240674376488,0.15412893891334534,0.5221627950668335,-0.3752703368663788
1.0,330.05,330.73333333333335,6380.484375,6445.078125,65.4,45.8,41.0,94.52743902439025,257,-1.1917272806167603,1.8481048345565796,-1.8552201986312866,0.051687825471162796
1.0,331.15,331.1666666666667,6445.078125,6445.078125,45.8,45.8,1.0,0.0,258,-1.1917272806167603,1.8481048345565796,-1.8552201986312866,0.051687825471162796
1.0,331.1666666666667,335.23333333333335,6445.078125,6445.078125,45.8,52.5,244.0,0.0,259,-0.004944240674376488,0.15412893891334534,-1.8552201986312866,0.051687825471162796
1.0,335.23333333333335,335.53333333333336,6445.078125,6454.171875,52.5,51.3,18.0,30.3125,260,-1.1917272806167603,1.8481048345565796,-1.8552201986312866,0.051687825471162796
1.0,335.53333333333336,335.55,6454.171875,6454.234375,51.3,51.3,1.0,3.75,261,-1.1917272806167603,1.8481048345565796,-1.8552201986312866,0.051687825471162796
1.0,336.6333333333333,336.9,6454.234375,6462.421875,51.3,49.0,16.0,30.703125,262,-1.1917272806167603,1.8481048345565796,-1.8552201986312866,0.051687825471162796
1.0,337.48333333333335,337.51666666666665,6462.421875,6462.625,49.0,49.0,2.0,6.09375,263,-1.1917272806167603,1.8481048345565796,-1.8552201986312866,0.051687825471162796
1.0,337.53333333333336,337.96666666666664,6462.625,6477.234375,49.0,46.2,26.0,33.71394230769231,264,-1.1917272806167603,1.8481048345565796,-1.8552201986312866,0.051687825471162796
1.0,338.18333333333334,338.48333333333335,6477.234375,6488.34375,45.4,43.5,18.0,37.03125,265,-1.1917272806167603,1.8481048345565796,-1.8552201986312866,0.051687825471162796
1.0,338.48333333333335,349.1333333333333,6488.34375,6563.365008,43.5,41.5,639.0,7.044249577464766,266,-1.1917272806167603,1.8481048345565796,-1.8552201986312866,0.051687825471162796
1.0,349.1333333333333,377.81666666666666,6563.365008,6563.365008,41.5,92.5,1721.0,0.0,267,-0.004944240674376488,0.15412893891334534,0.2794134318828583,1.5181301832199097
1.0,377.81666666666666,378.71666666666664,6563.365008,6569.703125,92.5,73.7,54.0,7.042352222222487,268,-1.1917272806167603,1.8481048345565796,-1.8552201986312866,0.051687825471162796
1.0,383.1,383.25,6569.703125,6573.8125,72.5,72.1,9.0,27.395833333333336,269,-1.1917272806167603,1.8481048345565796,-1.8552201986312866,0.051687825471162796
1.0,383.4166666666667,383.56666666666666,6573.8125,6577.453125,71.3,70.5,9.0,24.270833333333336,270,-1.1917272806167603,1.8481048345565796,-1.8552201986312866,0.051687825471162796
1.0,383.6,383.9166666666667,6577.453125,6589.171875,70.5,67.8,19.0,37.006578947368425,271,-1.1917272806167603,1.8481048345565796,-1.8552201986312866,0.051687825471162796
1.0,383.9166666666667,384.05,6589.171875,6589.28125,67.8,67.4,8.0,0.8203125,272,-1.1917272806167603,1.8481048345565796,-1.8552201986312866,0.051687825471162796
1.0,384.05,384.75,6589.28125,6663.453125,67.4,45.8,42.0,105.95982142857143,273,-1.1917272806167603,1.8481048345565796,-1.8552201986312866,0.051687825471162796
1.0,385.55,385.71666666666664,6663.453125,6676.609375,46.2,42.7,10.0,78.9375,274,-1.1917272806167603,1.8481048345565796,-1.8552201986312866,0.051687825471162796
1.0,386.48333333333335,386.68333333333334,6676.609375,6689.75,42.7,39.2,12.0,65.703125,275,-1.1917272806167603,1.8481048345565796,-1.8552201986312866,0.051687825471162796
1.0,386.68333333333334,398.8,6689.75,6766.881646,39.2,38.8,727.0,6.365747950481415,276,-1.1917272806167603,1.8481048345565796,-1.8552201986312866,0.051687825471162796
1.0,398.8,421.25,6766.881646,6766.881646,38.8,78.0,1347.0,0.0,277,-0.004944240674376488,0.15412893891334534,0.2794134318828583,1.5181301832199097
1.0,421.25,422.46666666666664,6766.881646,6774.59375,78.0,60.3,73.0,6.338715616438506,278,-1.1917272806167603,1.8481048345565796,-1.8552201986312866,0.051687825471162796
1.0,423.78333333333336,423.9166666666667,6774.59375,6777.3125,60.7,60.7,8.0,20.390625,279,-1.1917272806167603,1.8481048345565796,-1.8552201986312866,0.051687825471162796
1.0,424.1666666666667,424.45,6777.3125,6783.890625,60.0,59.2,17.0,23.216911764705884,280,-1.1917272806167603,1.8481048345565796,-1.8552201986312866,0.051687825471162796
1.0,424.73333333333335,424.98333333333335,6783.890625,6784.484375,58.4,58.4,15.0,2.375,281,-1.1917272806167603,1.8481048345565796,-1.8552201986312866,0.051687825471162796
1.0,426.5,426.55,6784.484375,6785.125,58.0,58.0,3.0,12.8125,282,-1.1917272806167603,1.8481048345565796,-1.8552201986312866,0.051687825471162796
1.0,427.93333333333334,428.96666666666664,6785.125,6864.15625,58.0,29.8,62.0,76.48185483870967,283,-1.1917272806167603,1.8481048345565796,-1.8552201986312866,0.051687825471162796
1.0,432.53333333333336,453.81666666666666,6864.15625,6864.15625,32.1,69.4,1277.0,0.0,284,-0.004944240674376488,0.15412893891334534,0.2794134318828583,1.5181301832199097
1.0,453.81666666666666,453.8666666666667,6864.15625,6865.796875,69.4,69.0,3.0,32.8125,285,-1.1917272806167603,1.8481048345565796,-1.8552201986312866,0.051687825471162796
1.0,453.8666666666667,456.1333333333333,6865.796875,6950.296875,69.0,50.5,136.0,37.279411764705884,286,-1.1917272806167603,1.8481048345565796,-1.8552201986312866,0.051687825471162796
1.0,456.1333333333333,457.31666666666666,6950.296875,7000.1875,50.5,38.0,71.0,42.161091549295776,287,-1.1917272806167603,1.8481048345565796,-1.8552201986312866,0.051687825471162796
1.0,457.3333333333333,458.1166666666667,7000.1875,7000.1875,38.0,79.6,47.0,0.0,288,-0.004944240674376488,0.15412893891334534,-1.8552201986312866,0.051687825471162796
1.0,458.1166666666667,458.75,7000.1875,7057.0,79.6,61.9,38.0,89.70394736842105,289,-1.1917272806167603,1.8481048345565796,-1.8552201986312866,0.051687825471162796
1.0,459.8,469.1333333333333,7057.0,7057.0,61.9,78.8,560.0,0.0,290,-0.004944240674376488,0.15412893891334534,0.2794134318828583,1.5181301832199097
1.0,469.1333333333333,470.3333333333333,7057.0,7137.109375,78.8,59.2,72.0,66.7578125,291,-1.1917272806167603,1.8481048345565796,-1.8552201986312866,0.051687825471162796
1.0,470.3333333333333,470.3833333333333,7137.109375,7138.171875,59.2,59.2,3.0,21.25,292,-1.1917272806167603,1.8481048345565796,-1.8552201986312866,0.051687825471162796
1.0,473.03333333333336,473.06666666666666,7138.171875,7138.171875,58.4,58.4,2.0,0.0,293,-1.1917272806167603,1.8481048345565796,-1.8552201986312866,0.051687825471162796
1.0,473.2,473.53333333333336,7138.171875,7146.4375,58.0,56.8,20.0,24.796875,294,-1.1917272806167603,1.8481048345565796,-1.8552201986312866,0.051687825471162796
1.0,473.53333333333336,474.3333333333333,7146.4375,7146.4375,56.8,82.7,48.0,0.0,295,-0.004944240674376488,0.15412893891334534,0.5221627950668335,-0.3752703368663788
1.0,474.3333333333333,474.48333333333335,7146.4375,7149.375,82.7,82.3,9.0,19.583333333333336,296,-1.1917272806167603,1.8481048345565796,-1.8552201986312866,0.051687825471162796
1.0,475.46666666666664,476.1666666666667,7149.375,7170.859375,82.3,76.4,42.0,30.69196428571429,297,-1.1917272806167603,1.8481048345565796,-1.8552201986312866,0.051687825471162796
1.0,476.31666666666666,476.9,7170.859375,7189.78125,76.0,73.3,35.0,32.4375,298,-1.1917272806167603,1.8481048345565796,-1.8552201986312866,0.051687825471162796
1.0,477.1333333333333,477.8,7189.78125,7189.78125,72.5,79.2,40.0,0.0,299,-0.004944240674376488,0.15412893891334534,-0.9619835019111633,-0.5287988185882568
1.0,477.81666666666666,478.46666666666664,7189.78125,7189.78125,79.2,85.0,39.0,0.0,300,-0.004944240674376488,0.15412893891334534,-0.9619835019111633,-0.5287988185882568
1.0,478.46666666666664,478.51666666666665,7189.78125,7190.9375,85.0,85.0,3.0,23.125,301,-1.1917272806167603,1.8481048345565796,-1.8552201986312866,0.051687825471162796
1.0,481.6666666666667,482.8,7190.9375,7276.265625,85.0,60.3,68.0,75.28952205882354,302,-1.1917272806167603,1.8481048345565796,-1.8552201986312866,0.051687825471162796
1.0,482.8,493.3,7276.265625,7276.265625,60.3,78.8,630.0,0.0,303,-0.004944240674376488,0.15412893891334534,0.2794134318828583,1.5181301832199097
1.0,493.3,494.4166666666667,7276.265625,7361.375,78.8,60.3,67.0,76.21735074626865,304,-1.1917272806167603,1.8481048345565796,-1.8552201986312866,0.051687825471162796
1.0,496.71666666666664,497.0,7361.375,7371.640625,60.0,58.0,17.0,36.231617647058826,305,-1.1917272806167603,1.8481048345565796,-1.8552201986312866,0.051687825471162796
1.0,497.0,498.35,7371.640625,7384.21875,58.0,54.9,81.0,9.31712962962963,306,-1.1917272806167603,1.8481048345565796,-1.8552201986312866,0.051687825471162796
1.0,498.35,498.6,7384.21875,7390.328125,54.9,53.7,15.0,24.4375,307,-1.1917272806167603,1.8481048345565796,-1.8552201986312866,0.051687825471162796
1.0,498.93333333333334,498.98333333333335,7390.328125,7390.609375,52.9,52.9,3.0,5.625,308,-1.1917272806167603,1.8481048345565796,-1.8552201986312866,0.051687825471162796
1.0,499.05,499.65,7390.609375,7413.34375,52.9,47.4,36.0,37.890625,309,-1.1917272806167603,1.8481048345565796,-1.8552201986312866,0.051687825471162796
1.0,500.0833333333333,500.9,7413.34375,7435.921875,46.6,43.9,49.0,27.64668367346939,310,-1.1917272806167603,1.8481048345565796,-1.8552201986312866,0.051687825471162796
1.0,500.9,501.48333333333335,7435.921875,7435.921875,43.9,49.0,35.0,0.0,311,-0.004944240674376488,0.15412893891334534,-0.9619835019111633,-0.5287988185882568
1.0,501.48333333333335,502.95,7435.921875,7437.140625,49.0,49.0,88.0,0.8309659090909092,312,-1.1917272806167603,1.8481048345565796,-1.8552201986312866,0.051687825471162796
1.0,502.95,505.46666666666664,7437.140625,7520.953125,49.0,28.2,151.0,33.30298013245033,313,-1.1917272806167603,1.8481048345565796,-1.8552201986312866,0.051687825471162796
1.0,505.46666666666664,518.5333333333333,7520.953125,7520.953125,28.2,50.9,784.0,0.0,314,-0.004944240674376488,0.15412893891334534,0.2794134318828583,1.5181301832199097
1.0,518.5333333333333,519.1666666666666,7520.953125,7551.140625,50.9,42.7,38.0,47.66447368421053,315,-1.1917272806167603,1.8481048345565796,-1.8552201986312866,0.051687825471162796
1.0,519.1666666666666,524.5333333333333,7551.140625,7619.759321,42.7,41.5,322.0,12.786092422360333,316,-1.1917272806167603,1.8481048345565796,-1.8552201986312866,0.051687825471162796
1.0,524.5333333333333,545.9666666666667,7619.759321,7619.759321,41.5,78.8,1286.0,0.0,317,-0.004944240674376488,0.15412893891334534,0.2794134318828583,1.5181301832199097
1.0,545.9666666666667,546.8666666666667,7619.759321,7631.140625,78.8,59.2,54.0,12.645893333332827,318,-1.1917272806167603,1.8481048345565796,-1.8552201986312866,0.051687825471162796
1.0,550.95,552.4166666666666,7631.140625,7725.734375,60.0,30.5,88.0,64.49573863636364,319,-1.1917272806167603,1.8481048345565796,-1.8552201986312866,0.051687825471162796
1.0,552.9833333333333,572.8166666666667,7725.734375,7725.734375,30.5,65.4,1190.0,0.0,320,-0.004944240674376488,0.15412893891334534,0.2794134318828583,1.5181301832199097
1.0,572.8166666666667,573.0,7725.734375,7727.453125,65.4,65.4,11.0,9.375,321,-1.1917272806167603,1.8481048345565796,-1.8552201986312866,0.051687825471162796
1.0,573.1166666666667,573.15,7727.453125,7727.75,65.4,65.4,2.0,8.90625,322,-1.1917272806167603,1.8481048345565796,-1.8552201986312866,0.051687825471162796
1.0,573.2833333333333,573.4333333333333,7727.75,7728.875,65.0,64.7,9.0,7.5,323,-1.1917272806167603,1.8481048345565796,-1.8552201986312866,0.051687825471162796
1.0,573.4333333333333,590.7333333333333,7728.875,7728.875,64.7,96.4,1038.0,0.0,324,-0.004944240674376488,0.15412893891334534,0.2794134318828583,1.5181301832199097
1.0,590.7333333333333,591.7666666666667,7728.875,7813.734375,96.4,75.2,62.0,82.1219758064516,325,-1.1917272806167603,1.8481048345565796,-1.8552201986312866,0.051687825471162796
1.0,593.1333333333333,594.35,7813.734375,7905.984375,75.2,45.4,73.0,75.82191780821918,326,-1.1917272806167603,1.8481048345565796,-1.8552201986312866,0.051687825471162796
1.0,594.4333333333333,621.7166666666667,7905.984375,7905.984375,45.4,94.5,1637.0,0.0,327,-0.004944240674376488,0.15412893891334534,0.2794134318828583,1.5181301832199097
1.0,621.7166666666667,622.7,7905.984375,7990.921875,94.5,77.2,59.0,86.3771186440678,328,-1.1917272806167603,1.8481048345565796,-1.8552201986312866,0.051687825471162796
1.0,624.1166666666667,624.4333333333333,7990.921875,7997.9375,76.0,74.5,19.0,22.154605263157897,329,-1.1917272806167603,1.8481048345565796,-1.8552201986312866,0.051687825471162796
1.0,624.4833333333333,625.5666666666667,7997.953125,8083.625,74.5,51.3,65.0,79.08173076923077,330,-1.1917272806167603,1.8481048345565796,-1.8552201986312866,0.051687825471162796
1.0,625.5666666666667,625.6833333333333,8083.625,8085.234375,51.3,51.3,7.0,13.794642857142858,331,-1.1917272806167603,1.8481048345565796,-1.8552201986312866,0.051687825471162796
1.0,625.85,625.9,8085.234375,8086.484375,50.9,50.9,3.0,25.0,332,-1.1917272806167603,1.8481048345565796,-1.8552201986312866,0.051687825471162796
1.0,627.8666666666667,636.8833333333333,8086.484375,8086.484375,50.9,66.6,541.0,0.0,333,-0.004944240674376488,0.15412893891334534,0.2794134318828583,1.5181301832199097
1.0,636.8833333333333,638.2,8086.484375,8165.046875,66.6,47.4,79.0,59.66772151898734,334,-1.1917272806167603,1.8481048345565796,-1.8552201986312866,0.051687825471162796
1.0,638.2,638.3666666666667,8165.046875,8166.09375,47.4,47.4,10.0,6.28125,335,-1.1917272806167603,1.8481048345565796,-1.8552201986312866,0.051687825471162796
1.0,641.5333333333333,641.8333333333334,8166.109375,8172.59375,47.0,45.4,18.0,21.614583333333336,336,-1.1917272806167603,1.8481048345565796,-1.8552201986312866,0.051687825471162796
1.0,641.85,642.3333333333334,8172.59375,8172.59375,45.4,67.0,29.0,0.0,337,-0.004944240674376488,0.15412893891334534,-1.8552201986312866,0.051687825471162796
1.0,642.3333333333334,642.5166666666667,8172.59375,8175.859375,67.0,67.0,11.0,17.8125,338,-1.1917272806167603,1.8481048345565796,-1.8552201986312866,0.051687825471162796
1.0,643.4833333333333,643.5333333333333,8175.875,8176.671875,66.2,66.2,3.0,15.9375,339,-1.1917272806167603,1.8481048345565796,-1.8552201986312866,0.051687825471162796
1.0,647.3833333333333,647.4333333333333,8176.671875,8176.765625,68.2,68.2,3.0,1.875,340,-1.1917272806167603,1.8481048345565796,-1.8552201986312866,0.051687825471162796
1.0,649.5666666666667,650.4166666666666,8176.765625,8262.65625,67.8,36.0,51.0,101.04779411764706,341,-1.1917272806167603,1.8481048345565796,-1.8552201986312866,0.051687825471162796
1.0,651.1166666666667,661.3666666666667,8262.65625,8262.65625,36.4,54.5,615.0,0.0,342,-0.004944240674376488,0.15412893891334534,0.2794134318828583,1.5181301832199097
1.0,661.3666666666667,662.0,8262.65625,8300.625,54.5,43.9,38.0,59.95065789473684,343,-1.1917272806167603,1.8481048345565796,-1.8552201986312866,0.051687825471162796
1.0,662.0,662.0166666666667,8300.625,8300.625,43.9,43.9,1.0,0.0,344,-1.1917272806167603,1.8481048345565796,-1.8552201986312866,0.051687825471162796
1.0,662.0666666666667,664.2833333333333,8300.625,8300.625,44.3,47.8,133.0,0.0,345,-0.004944240674376488,0.15412893891334534,0.2794134318828583,1.5181301832199097
1.0,664.2833333333333,666.75,8300.625,8379.4375,47.8,29.4,148.0,31.951013513513512,346,-1.1917272806167603,1.8481048345565796,-1.8552201986312866,0.051687825471162796
1.0,666.75,666.8166666666667,8379.4375,8380.578125,29.4,29.4,4.0,17.109375,347,-1.1917272806167603,1.8481048345565796,-1.8552201986312866,0.051687825471162796
1.0,666.95,667.2666666666667,8380.578125,8386.171875,29.0,28.2,19.0,17.664473684210527,348,-1.1917272806167603,1.8481048345565796,-1.8552201986312866,0.051687825471162796
1.0,667.2833333333333,668.05,8386.171875,8386.171875,28.2,74.5,46.0,0.0,349,-0.004944240674376488,0.15412893891334534,-1.8552201986312866,0.051687825471162796
1.0,668.05,668.6,8386.171875,8391.75,74.5,73.3,33.0,10.142045454545453,350,-1.1917272806167603,1.8481048345565796,-1.8552201986312866,0.051687825471162796
1.0,668.6,668.8666666666667,8391.75,8397.921875,73.3,72.9,16.0,23.14453125,351,-1.1917272806167603,1.8481048345565796,-1.8552201986312866,0.051687825471162796
1.0,668.8833333333333,669.55,8397.921875,8397.921875,72.9,78.8,40.0,0.0,352,-0.004944240674376488,0.15412893891334534,-0.9619835019111633,-0.5287988185882568
1.0,669.55,669.6,8397.921875,8399.125,78.8,78.8,3.0,24.0625,353,-1.1917272806167603,1.8481048345565796,-1.8552201986312866,0.051687825471162796
1.0,671.2166666666667,672.3,8399.125,8484.921875,76.0,52.1,65.0,79.19711538461539,354,-1.1917272806167603,1.8481048345565796,-1.8552201986312866,0.051687825471162796
1.0,672.8,712.35,8484.921875,8484.921875,52.1,100.0,2373.0,0.0,355,-0.004944240674376488,0.15412893891334534,0.2794134318828583,1.5181301832199097
1.0,712.35,713.1666666666666,8484.921875,8568.421875,100.0,78.8,49.0,102.24489795918367,356,-1.1917272806167603,1.8481048345565796,-1.8552201986312866,0.051687825471162796
1.0,713.2,713.3,8568.421875,8570.1875,78.8,78.4,6.0,17.65625,357,-1.1917272806167603,1.8481048345565796,-1.8552201986312866,0.051687825471162796
1.0,713.3,714.7833333333333,8570.1875,8577.0,78.4,76.4,89.0,4.592696629213483,358,-1.1917272806167603,1.8481048345565796,-1.8552201986312866,0.051687825471162796
1.0,714.7833333333333,714.8666666666667,8577.0,8578.4375,76.4,76.4,5.0,17.25,359,-1.1917272806167603,1.8481048345565796,-1.8552201986312866,0.051687825471162796
1.0,719.0666666666667,720.0166666666667,8578.4375,8657.546875,76.0,52.9,57.0,83.27302631578948,360,-1.1917272806167603,1.8481048345565796,-1.8552201986312866,0.051687825471162796
1.0,721.1,742.8666666666667,8657.546875,8657.546875,52.9,78.0,1306.0,0.0,361,-0.004944240674376488,0.15412893891334534,0.2794134318828583,1.5181301832199097
1.0,742.8666666666667,743.05,8657.546875,8660.953125,78.0,78.0,11.0,18.579545454545457,362,-1.1917272806167603,1.8481048345565796,-1.8552201986312866,0.051687825471162796
1.0,743.8333333333334,743.8833333333333,8660.953125,8661.140625,77.6,77.6,3.0,3.75,363,-1.1917272806167603,1.8481048345565796,-1.8552201986312866,0.051687825471162796
1.0,744.05,744.1666666666666,8661.140625,8664.078125,77.6,77.2,7.0,25.178571428571427,364,-1.1917272806167603,1.8481048345565796,-1.8552201986312866,0.051687825471162796
1.0,744.1666666666666,745.3333333333334,8664.078125,8665.969882,77.2,76.8,70.0,1.6215059999994992,365,-1.1917272806167603,1.8481048345565796,-1.8552201986312866,0.051687825471162796
1.0,745.3333333333334,764.6333333333333,8665.969882,8665.969882,76.8,100.0,1158.0,0.0,366,-0.004944240674376488,0.15412893891334534,0.2794134318828583,1.5181301832199097
1.0,764.6333333333333,764.7,8665.969882,8666.078125,100.0,99.6,4.0,1.6236450000087643,367,-1.1917272806167603,1.8481048345565796,-1.8552201986312866,0.051687825471162796
1.0,764.9666666666667,765.0833333333334,8666.078125,8668.390625,99.6,99.6,7.0,19.82142857142857,368,-1.1917272806167603,1.8481048345565796,-1.8552201986312866,0.051687825471162796
1.0,765.25,765.3,8668.390625,8669.59375,99.2,99.2,3.0,24.0625,369,-1.1917272806167603,1.8481048345565796,-1.8552201986312866,0.051687825471162796
1.0,765.3,793.25,8669.59375,8759.53125,99.2,77.2,1677.0,3.217799642218247,370,-1.1917272806167603,1.8481048345565796,-1.8552201986312866,0.051687825471162796
1.0,793.25,793.3333333333334,8759.53125,8761.359375,77.2,77.2,5.0,21.9375,371,-1.1917272806167603,1.8481048345565796,-1.8552201986312866,0.051687825471162796
1.0,794.1333333333333,795.15,8761.359375,8819.265625,76.4,61.9,61.0,56.95696721311476,372,-1.1917272806167603,1.8481048345565796,-1.8552201986312866,0.051687825471162796
1.0,795.2666666666667,795.3166666666667,8819.265625,8820.390625,61.1,61.1,3.0,22.5,373,-1.1917272806167603,1.8481048345565796,-1.8552201986312866,0.051687825471162796
1.0,795.3833333333333,795.8,8820.390625,8853.3125,61.1,50.9,25.0,79.0125,374,-1.1917272806167603,1.8481048345565796,-1.8552201986312866,0.051687825471162796
1.0,796.85,805.35,8853.3125,8853.3125,50.9,65.4,510.0,0.0,375,-0.004944240674376488,0.15412893891334534,0.2794134318828583,1.5181301832199097
1.0,805.35,806.3833333333333,8853.3125,8932.078125,65.4,49.0,62.0,76.22479838709677,376,-1.1917272806167603,1.8481048345565796,-1.8552201986312866,0.051687825471162796
1.0,806.3833333333333,808.9166666666666,8932.078125,8932.109375,49.0,48.2,152.0,0.012335526315789474,377,-1.1917272806167603,1.8481048345565796,-1.8552201986312866,0.051687825471162796
1.0,808.9166666666666,809.85,8932.109375,9011.171875,48.2,25.0,56.0,84.70982142857143,378,-1.1917272806167603,1.8481048345565796,-1.8552201986312866,0.051687825471162796
1.0,810.0833333333334,810.1666666666666,9011.1875,9014.0,25.0,23.5,5.0,33.75,379,-1.1917272806167603,1.8481048345565796,-1.8552201986312866,0.051687825471162796
1.0,810.1833333333333,818.2666666666667,9014.0,9014.0,23.5,74.5,485.0,0.0,380,-0.004944240674376488,0.15412893891334534,-1.8552201986312866,0.051687825471162796
1.0,818.2666666666667,818.3666666666667,9014.0,9016.859375,74.5,74.5,6.0,28.59375,381,-1.1917272806167603,1.8481048345565796,-1.8552201986312866,0.051687825471162796
1.0,818.4,818.4,9016.859375,9016.875,74.5,74.5,0.0,0.0,382,-1.1917272806167603,1.8481048345565796,-1.8552201986312866,0.051687825471162796
1.0,818.9,819.0333333333333,9016.875,9022.390625,74.5,72.9,8.0,41.3671875,383,-1.1917272806167603,1.8481048345565796,-1.8552201986312866,0.051687825471162796
1.0,819.0333333333333,819.35,9022.390625,9022.390625,72.9,75.2,19.0,0.0,384,-0.004944240674376488,0.15412893891334534,-0.9619835019111633,-0.5287988185882568
1.0,819.35,819.4333333333333,9022.390625,9025.5,75.2,73.7,5.0,37.3125,385,-1.1917272806167603,1.8481048345565796,-1.8552201986312866,0.051687825471162796
1.0,820.9,821.05,9025.5,9033.484375,74.9,74.1,9.0,53.22916666666667,386,-1.1917272806167603,1.8481048345565796,-1.8552201986312866,0.051687825471162796
1.0,837.4833333333333,837.4833333333333,9033.484375,9033.546875,73.7,73.7,0.0,0.0,387,-1.1917272806167603,1.8481048345565796,-1.8552201986312866,0.051687825471162796
1.0,837.65,838.7,9033.546875,9119.140625,73.7,55.6,63.0,81.51785714285714,388,-1.1917272806167603,1.8481048345565796,-1.8552201986312866,0.051687825471162796
1.0,838.7,838.8833333333333,9119.140625,9119.15625,55.6,56.4,11.0,0.08522727272727273,389,-0.004944240674376488,0.15412893891334534,-0.9619835019111633,-0.5287988185882568
1.0,838.8833333333333,838.95,9119.15625,9120.3125,56.4,56.4,4.0,17.34375,390,-1.1917272806167603,1.8481048345565796,-1.8552201986312866,0.051687825471162796
1.0,841.9333333333333,843.8333333333334,9120.3125,9214.28125,56.4,33.3,114.0,49.45723684210527,391,-1.1917272806167603,1.8481048345565796,-1.8552201986312866,0.051687825471162796
1.0,859.95,860.0833333333334,9214.28125,9217.203125,32.5,32.1,8.0,21.9140625,392,-1.1917272806167603,1.8481048345565796,-1.8552201986312866,0.051687825471162796
1.0,860.1,865.2166666666667,9217.203125,9217.203125,32.1,63.9,307.0,0.0,393,-0.004944240674376488,0.15412893891334534,-1.8552201986312866,0.051687825471162796
1.0,865.2166666666667,865.4666666666667,9217.203125,9225.171875,63.9,63.9,15.0,31.875,394,-1.1917272806167603,1.8481048345565796,-1.8552201986312866,0.051687825471162796
1.0,865.4666666666667,880.4833333333333,9225.171875,9234.015625,63.9,62.7,901.0,0.5889289678135404,395,-1.1917272806167603,1.8481048345565796,-1.8552201986312866,0.051687825471162796
1.0,880.4833333333333,881.35,9234.015625,9319.453125,62.7,41.9,52.0,98.58173076923076,396,-1.1917272806167603,1.8481048345565796,-1.8552201986312866,0.051687825471162796
1.0,882.5,882.7333333333333,9319.453125,9326.046875,41.5,40.7,14.0,28.25892857142857,397,-1.1917272806167603,1.8481048345565796,-1.8552201986312866,0.051687825471162796
1.0,882.7333333333333,887.15,9326.046875,9327.125,40.7,38.4,265.0,0.24410377358490565,398,-1.1917272806167603,1.8481048345565796,-1.8552201986312866,0.051687825471162796
1.0,887.15,888.4833333333333,9327.125,9421.515625,38.4,8.6,80.0,70.79296875,399,-1.1917272806167603,1.8481048345565796,-1.8552201986312866,0.051687825471162796
1.0,902.7,902.7166666666667,9421.515625,9421.578125,10.9,10.9,1.0,3.75,400,-1.1917272806167603,1.8481048345565796,-1.8552201986312866,0.051687825471162796
1.0,906.1666666666666,906.2166666666667,9421.578125,9423.296875,10.5,10.1,3.0,34.375,401,-1.1917272806167603,1.8481048345565796,-1.8552201986312866,0.051687825471162796
1.0,906.45,906.5333333333333,9423.296875,9425.171875,10.1,10.1,5.0,22.5,402,-1.1917272806167603,1.8481048345565796,-1.8552201986312866,0.051687825471162796
1.0,908.9,909.0166666666667,9425.171875,9428.0,9.8,8.6,7.0,24.241071428571427,403,-1.1917272806167603,1.8481048345565796,-1.8552201986312866,0.051687825471162796
1.0,909.05,909.1333333333333,9428.0,9428.0,8.6,8.6,5.0,0.0,404,-1.1917272806167603,1.8481048345565796,-1.8552201986312866,0.051687825471162796
1.0,909.1333333333333,909.5,9428.0,9436.203125,8.6,7.8,22.0,22.372159090909093,405,-1.1917272806167603,1.8481048345565796,-1.8552201986312866,0.051687825471162796
1.0,909.6,910.3833333333333,9436.203125,9436.203125,7.8,58.0,47.0,0.0,406,-0.004944240674376488,0.15412893891334534,0.5221627950668335,-0.3752703368663788
1.0,910.3833333333333,910.7,9436.203125,9436.203125,58.0,74.5,19.0,0.0,407,-0.004944240674376488,0.15412893891334534,0.5221627950668335,-0.3752703368663788
1.0,910.7,910.8666666666667,9436.203125,9439.96875,74.5,73.3,10.0,22.59375,408,-1.1917272806167603,1.8481048345565796,-1.8552201986312866,0.051687825471162796
1.0,910.8666666666667,910.9333333333333,9439.96875,9441.171875,73.3,72.9,4.0,18.046875,409,-1.1917272806167603,1.8481048345565796,-1.8552201986312866,0.051687825471162796
1.0,958.4666666666667,958.4833333333333,9441.1875,9441.203125,71.3,71.3,1.0,0.9375,410,-1.1917272806167603,1.8481048345565796,-1.8552201986312866,0.051687825471162796
1.0,958.5,973.4,9441.203125,9441.203125,71.3,100.0,894.0,0.0,411,-0.004944240674376488,0.15412893891334534,-0.9619835019111633,-0.5287988185882568
1.0,973.4,974.4333333333333,9441.203125,9520.515625,100.0,82.3,62.0,76.75403225806451,412,-1.1917272806167603,1.8481048345565796,-1.8552201986312866,0.051687825471162796
1.0,976.9833333333333,977.8833333333333,9520.515625,9599.359375,81.9,60.0,54.0,87.60416666666667,413,-1.1917272806167603,1.8481048345565796,-1.8552201986312866,0.051687825471162796
1.0,977.9,982.0333333333333,9599.359375,9599.359375,60.0,81.9,248.0,0.0,414,-0.004944240674376488,0.15412893891334534,-0.9619835019111633,-0.5287988185882568
1.0,982.0333333333333,982.2,9599.359375,9602.375,81.9,81.9,10.0,18.09375,415,-1.1917272806167603,1.8481048345565796,-1.8552201986312866,0.051687825471162796
1.0,982.3333333333334,982.4833333333333,9602.375,9604.4375,81.5,81.1,9.0,13.75,416,-1.1917272806167603,1.8481048345565796,-1.8552201986312866,0.051687825471162796
1.0,982.5666666666667,983.75,9604.4375,9690.875,80.7,62.7,71.0,73.04577464788733,417,-1.1917272806167603,1.8481048345565796,-1.8552201986312866,0.051687825471162796
1.0,984.6833333333333,984.8833333333333,9690.875,9695.40625,61.9,61.5,12.0,22.65625,418,-1.1917272806167603,1.8481048345565796,-1.8552201986312866,0.051687825471162796
1.0,985.1,986.55,9695.40625,9785.4375,61.1,36.8,87.0,62.09051724137931,419,-1.1917272806167603,1.8481048345565796,-1.8552201986312866,0.051687825471162796
1.0,986.5666666666667,1001.75,9785.4375,9785.4375,36.8,100.0,911.0,0.0,420,-0.004944240674376488,0.15412893891334534,-0.9619835019111633,-0.5287988185882568
1.0,1001.75,1001.9833333333333,9785.4375,9793.375,100.0,98.8,14.0,34.01785714285714,421,-1.1917272806167603,1.8481048345565796,-1.8552201986312866,0.051687825471162796
1.0,1003.2166666666667,1003.45,9793.375,9801.546875,98.8,96.8,14.0,35.02232142857143,422,-1.1917272806167603,1.8481048345565796,-1.8552201986312866,0.051687825471162796
1.0,1005.0166666666667,1006.5333333333333,9801.546875,9894.421875,96.0,74.1,91.0,61.23626373626374,423,-1.1917272806167603,1.8481048345565796,-1.8552201986312866,0.051687825471162796
1.0,1007.5833333333334,1009.8166666666667,9894.421875,9980.3125,73.7,55.6,134.0,38.45848880597015,424,-1.1917272806167603,1.8481048345565796,-1.8552201986312866,0.051687825471162796
1.0,1009.8166666666667,1024.0166666666667,9980.3125,9980.3125,55.6,100.0,852.0,0.0,425,-0.004944240674376488,0.15412893891334534,-0.9619835019111633,-0.5287988185882568
1.0,1001.35,1001.3666666666667,10062.90625,10063.0625,78.8,78.8,1.0,9.375,426,-1.1917272806167603,1.8481048345565796,-1.8552201986312866,0.051687825471162796
1.0,1001.3666666666667,1009.9333333333333,10063.0625,10063.09375,78.8,79.2,514.0,0.0036478599221789884,427,-1.1917272806167603,1.8481048345565796,-1.8552201986312866,0.051687825471162796
1.0,1009.9333333333333,1010.75,10063.09375,10142.79688,79.2,56.0,49.0,97.59566938775495,428,-1.1917272806167603,1.8481048345565796,-1.8552201986312866,0.051687825471162796
2.0,3198.633333333333,3212.8333333333335,4585.78125,4585.78125,27.4,44.7,852.0,0.0,429,-0.004944240674376488,0.15412893891334534,0.2794134318828583,1.5181301832199097
2.0,3212.8333333333335,3213.1666666666665,4585.78125,4595.21875,44.7,43.5,20.0,28.3125,430,-1.1917272806167603,1.8481048345565796,-1.8552201986312866,0.051687825471162796
2.0,3213.1833333333334,3213.9666666666667,4595.21875,4595.21875,43.5,79.6,47.0,0.0,431,-0.004944240674376488,0.15412893891334534,0.5221627950668335,-0.3752703368663788
2.0,3213.9666666666667,3214.366666666667,4595.21875,4609.0,79.6,77.6,24.0,34.453125,432,-1.1917272806167603,1.8481048345565796,-1.8552201986312866,0.051687825471162796
2.0,3214.4166666666665,3214.85,4609.0,4624.34375,77.6,74.9,26.0,35.40865384615385,433,-1.1917272806167603,1.8481048345565796,-1.8552201986312866,0.051687825471162796
2.0,3214.883333333333,3219.6666666666665,4624.34375,4792.734375,74.9,41.9,287.0,35.2036149825784,434,-1.1917272806167603,1.8481048345565796,-1.8552201986312866,0.051687825471162796
2.0,3219.766666666667,3219.9666666666667,4792.734375,4802.703125,41.9,40.3,12.0,49.84375,435,-1.1917272806167603,1.8481048345565796,-1.8552201986312866,0.051687825471162796
2.0,3219.983333333333,3220.05,4802.703125,4802.703125,40.3,40.7,4.0,0.0,436,-0.004944240674376488,0.15412893891334534,-0.9619835019111633,-0.5287988185882568
2.0,3220.05,3222.45,4802.703125,4906.609375,40.7,21.1,144.0,43.294270833333336,437,-1.1917272806167603,1.8481048345565796,-1.8552201986312866,0.051687825471162796
2.0,3222.4666666666667,3235.1833333333334,4906.609375,4906.609375,21.1,36.8,763.0,0.0,438,-0.004944240674376488,0.15412893891334534,0.2794134318828583,1.5181301832199097
2.0,3235.1833333333334,3235.4666666666667,4906.609375,4916.046875,36.8,35.6,17.0,33.30882352941177,439,-1.1917272806167603,1.8481048345565796,-1.8552201986312866,0.051687825471162796
2.0,3235.483333333333,3236.483333333333,4916.046875,4916.046875,35.6,85.0,60.0,0.0,440,-0.004944240674376488,0.15412893891334534,0.5221627950668335,-0.3752703368663788
2.0,3236.483333333333,3236.65,4916.046875,4922.90625,85.0,83.9,10.0,41.15625,441,-1.1917272806167603,1.8481048345565796,-1.8552201986312866,0.051687825471162796
2.0,3238.15,3239.0333333333333,4930.921875,4967.875,81.5,75.6,53.0,41.83372641509434,442,-1.1917272806167603,1.8481048345565796,-1.8552201986312866,0.051687825471162796
2.0,3239.05,3241.25,4967.875,5073.09375,75.6,53.7,132.0,47.82670454545454,443,-1.1917272806167603,1.8481048345565796,-1.8552201986312866,0.051687825471162796
2.0,3241.266666666667,3243.266666666667,5073.09375,5073.09375,53.7,55.6,120.0,0.0,444,-0.004944240674376488,0.15412893891334534,0.2794134318828583,1.5181301832199097
2.0,3243.266666666667,3245.733333333333,5073.09375,5156.3125,55.6,40.7,148.0,33.73733108108108,445,-1.1917272806167603,1.8481048345565796,-1.8552201986312866,0.051687825471162796
2.0,3245.75,3256.2833333333333,5156.3125,5156.3125,40.7,53.3,632.0,0.0,446,-0.004944240674376488,0.15412893891334534,0.2794134318828583,1.5181301832199097
2.0,3256.2833333333333,3256.55,5156.3125,5161.515625,53.3,52.5,16.0,19.51171875,447,-1.1917272806167603,1.8481048345565796,-1.8552201986312866,0.051687825471162796
2.0,3256.6,3256.6,5161.515625,5161.53125,52.1,52.1,0.0,0.0,448,-1.1917272806167603,1.8481048345565796,-1.8552201986312866,0.051687825471162796
2.0,3257.383333333333,3257.8,5161.53125,5171.65625,52.1,50.9,25.0,24.299999999999997,449,-1.1917272806167603,1.8481048345565796,-1.8552201986312866,0.051687825471162796
2.0,3257.8166666666666,3259.65,5171.65625,5171.65625,50.9,52.9,110.0,0.0,450,-0.004944240674376488,0.15412893891334534,0.2794134318828583,1.5181301832199097
2.0,3259.65,3263.3333333333335,5171.65625,5301.796875,52.9,29.4,221.0,35.3322963800905,451,-1.1917272806167603,1.8481048345565796,-1.8552201986312866,0.051687825471162796
2.0,3263.4,3264.05,5301.796875,5318.875,29.4,27.0,39.0,26.27403846153846,452,-1.1917272806167603,1.8481048345565796,-1.8552201986312866,0.051687825471162796
2.0,3264.0833333333335,3264.25,5318.875,5320.609375,27.0,27.0,10.0,10.40625,453,-1.1917272806167603,1.8481048345565796,-1.8552201986312866,0.051687825471162796
2.0,3264.266666666667,3265.266666666667,5320.609375,5320.609375,27.0,35.2,60.0,0.0,454,-0.004944240674376488,0.15412893891334534,-0.9619835019111633,-0.5287988185882568
2.0,3265.266666666667,3265.516666666667,5320.609375,5328.546875,35.2,33.7,15.0,31.75,455,-1.1917272806167603,1.8481048345565796,-1.8552201986312866,0.051687825471162796
2.0,3265.516666666667,3265.766666666667,5328.546875,5335.984375,33.7,32.5,15.0,29.75,456,-1.1917272806167603,1.8481048345565796,-1.8552201986312866,0.051687825471162796
2.0,3265.7833333333333,3267.6,5335.984375,5335.984375,32.5,34.5,109.0,0.0,457,-0.004944240674376488,0.15412893891334534,0.2794134318828583,1.5181301832199097
2.0,3267.6,3268.0666666666666,5335.984375,5352.0625,34.5,32.1,28.0,34.453125,458,-1.1917272806167603,1.8481048345565796,-1.8552201986312866,0.051687825471162796
2.0,3268.0833333333335,3269.1,5352.0625,5352.0625,32.1,82.7,61.0,0.0,459,-0.004944240674376488,0.15412893891334534,0.5221627950668335,-0.3752703368663788
2.0,3269.1,3270.0833333333335,5352.0625,5392.28125,82.7,72.1,59.0,40.900423728813564,460,-1.1917272806167603,1.8481048345565796,-1.8552201986312866,0.051687825471162796
2.0,3270.1,3279.633333333333,5392.28125,5392.28125,72.1,83.5,572.0,0.0,461,-0.004944240674376488,0.15412893891334534,0.2794134318828583,1.5181301832199097
2.0,3279.633333333333,3281.4333333333334,5392.28125,5484.109375,83.5,65.4,108.0,51.015625,462,-1.1917272806167603,1.8481048345565796,-1.8552201986312866,0.051687825471162796
2.0,3281.883333333333,3285.75,5484.109375,5648.609375,65.4,32.9,232.0,42.543103448275865,463,-1.1917272806167603,1.8481048345565796,-1.8552201986312866,0.051687825471162796
2.0,3286.05,3287.0,5648.609375,5648.609375,32.9,34.1,57.0,0.0,464,-0.004944240674376488,0.15412893891334534,0.2794134318828583,1.5181301832199097
2.0,3287.0,3287.3166666666666,5648.609375,5660.828125,34.1,32.1,19.0,38.58552631578947,465,-1.1917272806167603,1.8481048345565796,-1.8552201986312866,0.051687825471162796
2.0,3288.5,3288.616666666667,5660.828125,5662.734375,32.1,32.1,7.0,16.339285714285715,466,-1.1917272806167603,1.8481048345565796,-1.8552201986312866,0.051687825471162796
2.0,3288.633333333333,3289.65,5662.734375,5662.734375,32.1,81.5,61.0,0.0,467,-0.004944240674376488,0.15412893891334534,-1.8552201986312866,0.051687825471162796
2.0,3289.65,3291.4333333333334,5662.734375,5761.390625,81.5,61.1,107.0,55.32126168224299,468,-1.1917272806167603,1.8481048345565796,-1.8552201986312866,0.051687825471162796
2.0,3291.45,3291.983333333333,5761.390625,5783.21875,61.1,56.0,32.0,40.927734375,469,-1.1917272806167603,1.8481048345565796,-1.8552201986312866,0.051687825471162796
2.0,3292.0,3292.85,5783.21875,5783.21875,56.0,56.8,51.0,0.0,470,-0.004944240674376488,0.15412893891334534,0.2794134318828583,1.5181301832199097
2.0,3292.85,3293.9333333333334,5783.21875,5850.03125,56.8,42.3,65.0,61.67307692307693,471,-1.1917272806167603,1.8481048345565796,-1.8552201986312866,0.051687825471162796
2.0,3293.9333333333334,3301.616666666667,5850.03125,5850.03125,42.3,51.7,461.0,0.0,472,-0.004944240674376488,0.15412893891334534,0.2794134318828583,1.5181301832199097
2.0,3301.616666666667,3302.9666666666667,5850.03125,5906.265625,51.7,41.1,81.0,41.65509259259259,473,-1.1917272806167603,1.8481048345565796,-1.8552201986312866,0.051687825471162796
2.0,3303.0,3304.0,5906.265625,5906.265625,41.1,83.1,60.0,0.0,474,-0.004944240674376488,0.15412893891334534,0.5221627950668335,-0.3752703368663788
2.0,3304.0,3304.25,5906.265625,5915.03125,83.1,81.1,15.0,35.0625,475,-1.1917272806167603,1.8481048345565796,-1.8552201986312866,0.051687825471162796
2.0,3305.2833333333333,3305.4666666666667,5915.03125,5918.46875,81.1,80.7,11.0,18.75,476,-1.1917272806167603,1.8481048345565796,-1.8552201986312866,0.051687825471162796
2.0,3305.5666666666666,3305.883333333333,5918.46875,5928.3125,80.3,79.6,19.0,31.085526315789476,477,-1.1917272806167603,1.8481048345565796,-1.8552201986312866,0.051687825471162796
2.0,3305.9666666666667,3307.633333333333,5928.3125,6001.046875,79.6,65.0,100.0,43.640625,478,-1.1917272806167603,1.8481048345565796,-1.8552201986312866,0.051687825471162796
2.0,3307.9666666666667,3308.0333333333333,6001.046875,6001.046875,64.7,64.7,4.0,0.0,479,-1.1917272806167603,1.8481048345565796,-1.8552201986312866,0.051687825471162796
2.0,3308.0333333333333,3309.75,6001.046875,6051.25,64.7,54.9,103.0,29.24453883495146,480,-1.1917272806167603,1.8481048345565796,-1.8552201986312866,0.051687825471162796
2.0,3310.0333333333333,3310.3333333333335,6051.25,6063.265625,54.9,52.9,18.0,40.052083333333336,481,-1.1917272806167603,1.8481048345565796,-1.8552201986312866,0.051687825471162796
2.0,3310.3333333333335,3312.5666666666666,6063.265625,6063.265625,52.9,72.9,134.0,0.0,482,-0.004944240674376488,0.15412893891334534,-0.9619835019111633,-0.5287988185882568
2.0,3312.5666666666666,3313.0666666666666,6063.265625,6078.125,72.9,69.8,30.0,29.71875,483,-1.1917272806167603,1.8481048345565796,-1.8552201986312866,0.051687825471162796
2.0,3313.0833333333335,3325.9666666666667,6078.125,6078.125,69.8,85.0,773.0,0.0,484,-0.004944240674376488,0.15412893891334534,0.2794134318828583,1.5181301832199097
2.0,3325.9666666666667,3329.7166666666667,6078.125,6243.375,85.0,48.6,225.0,44.06666666666667,485,-1.1917272806167603,1.8481048345565796,-1.8552201986312866,0.051687825471162796
2.0,3329.9,3330.2166666666667,6243.375,6250.46875,48.6,47.4,19.0,22.401315789473685,486,-1.1917272806167603,1.8481048345565796,-1.8552201986312866,0.051687825471162796
2.0,3330.233333333333,3330.5666666666666,6250.46875,6260.734375,47.4,45.0,20.0,30.796875,487,-1.1917272806167603,1.8481048345565796,-1.8552201986312866,0.051687825471162796
2.0,3330.6,3334.8166666666666,6260.734375,6411.953125,45.0,17.2,253.0,35.862154150197625,488,-1.1917272806167603,1.8481048345565796,-1.8552201986312866,0.051687825471162796
2.0,3334.8333333333335,3335.85,6411.953125,6411.953125,17.2,69.0,61.0,0.0,489,-0.004944240674376488,0.15412893891334534,0.5221627950668335,-0.3752703368663788
2.0,3335.85,3336.0,6411.953125,6415.640625,69.0,68.6,9.0,24.583333333333336,490,-1.1917272806167603,1.8481048345565796,-1.8552201986312866,0.051687825471162796
2.0,3336.25,3336.45,6415.0,6422.0,67.8,67.0,12.0,35.0,491,0.14746208488941193,-1.0268850326538086,-1.8552201986312866,0.051687825471162796
2.0,3336.4666666666667,3338.8166666666666,6422.5625,6422.5625,67.0,69.4,141.0,0.0,492,-0.004944240674376488,0.15412893891334534,0.2794134318828583,1.5181301832199097
2.0,3338.8166666666666,3340.0833333333335,6422.5625,6489.46875,69.4,55.6,76.0,52.82072368421053,493,-1.1917272806167603,1.8481048345565796,-1.8552201986312866,0.051687825471162796
2.0,3340.0833333333335,3349.5333333333333,6489.46875,6489.46875,55.6,66.6,567.0,0.0,494,-0.004944240674376488,0.15412893891334534,0.2794134318828583,1.5181301832199097
2.0,3349.5333333333333,3351.383333333333,6489.46875,6575.015625,66.6,49.0,111.0,46.24155405405405,495,-1.1917272806167603,1.8481048345565796,-1.8552201986312866,0.051687825471162796
2.0,3351.4,3352.2,6575.015625,6575.015625,49.0,80.0,48.0,0.0,496,-0.004944240674376488,0.15412893891334534,0.5221627950668335,-0.3752703368663788
2.0,3352.2,3354.2166666666667,6575.015625,6681.359375,80.0,59.2,121.0,52.732438016528924,497,-1.1917272806167603,1.8481048345565796,-1.8552201986312866,0.051687825471162796
2.0,3354.383333333333,3357.35,6681.359375,6774.09375,59.2,40.3,178.0,31.258778089887638,498,-1.1917272806167603,1.8481048345565796,-1.8552201986312866,0.051687825471162796
2.0,3357.366666666667,3358.133333333333,6774.09375,6774.09375,40.3,41.1,46.0,0.0,499,-0.004944240674376488,0.15412893891334534,0.2794134318828583,1.5181301832199097
2.0,3358.133333333333,3358.6,6774.09375,6790.234375,41.1,38.8,28.0,34.58705357142857,500,-1.1917272806167603,1.8481048345565796,-1.8552201986312866,0.051687825471162796
2.0,3358.6833333333334,3359.0333333333333,6790.234375,6801.5625,38.4,36.4,21.0,32.36607142857143,501,-1.1917272806167603,1.8481048345565796,-1.8552201986312866,0.051687825471162796
2.0,3359.0333333333333,3361.133333333333,6801.5625,6801.5625,36.4,38.4,126.0,0.0,502,-0.004944240674376488,0.15412893891334534,0.2794134318828583,1.5181301832199097
2.0,3361.133333333333,3361.733333333333,6801.5625,6816.40625,38.4,36.0,36.0,24.739583333333336,503,-1.1917272806167603,1.8481048345565796,-1.8552201986312866,0.051687825471162796
2.0,3362.0666666666666,3363.0,6816.40625,6844.453125,36.0,31.7,56.0,30.050223214285715,504,-1.1917272806167603,1.8481048345565796,-1.8552201986312866,0.051687825471162796
2.0,3363.016666666667,3363.9,6844.453125,6844.453125,31.7,76.4,53.0,0.0,505,-0.004944240674376488,0.15412893891334534,0.5221627950668335,-0.3752703368663788
2.0,3363.9,3363.983333333333,6844.453125,6846.171875,76.4,76.4,5.0,20.625,506,-1.1917272806167603,1.8481048345565796,-1.8552201986312866,0.051687825471162796
2.0,3364.016666666667,3364.483333333333,6846.171875,6857.265625,76.4,73.7,28.0,23.772321428571427,507,-1.1917272806167603,1.8481048345565796,-1.8552201986312866,0.051687825471162796
2.0,3364.5,3373.516666666667,6857.265625,6857.265625,73.7,84.3,541.0,0.0,508,-0.004944240674376488,0.15412893891334534,0.2794134318828583,1.5181301832199097
2.0,3373.516666666667,3374.9166666666665,6857.265625,6903.546875,84.3,75.6,84.0,33.058035714285715,509,-1.1917272806167603,1.8481048345565796,-1.8552201986312866,0.051687825471162796
2.0,3375.116666666667,3376.1,6903.546875,6941.0,75.6,68.2,59.0,38.087923728813564,510,-1.1917272806167603,1.8481048345565796,-1.8552201986312866,0.051687825471162796
2.0,3376.133333333333,3376.3333333333335,6941.0,6950.859375,68.2,65.4,12.0,49.296875,511,-1.1917272806167603,1.8481048345565796,-1.8552201986312866,0.051687825471162796
2.0,3376.35,3377.233333333333,6950.859375,6950.859375,65.4,65.8,53.0,0.0,512,-0.004944240674376488,0.15412893891334534,0.2794134318828583,1.5181301832199097
2.0,3377.233333333333,3377.95,6950.859375,6974.71875,65.8,61.9,43.0,33.292151162790695,513,-1.1917272806167603,1.8481048345565796,-1.8552201986312866,0.051687825471162796
2.0,3377.983333333333,3378.05,6974.71875,6976.5,61.9,61.9,4.0,26.71875,514,-1.1917272806167603,1.8481048345565796,-1.8552201986312866,0.051687825471162796
2.0,3378.05,3378.366666666667,6976.5,6976.5,61.9,64.3,19.0,0.0,515,-0.004944240674376488,0.15412893891334534,-0.9619835019111633,-0.5287988185882568
2.0,3378.366666666667,3378.9166666666665,6976.5,6988.34375,64.3,61.9,33.0,21.534090909090907,516,-1.1917272806167603,1.8481048345565796,-1.8552201986312866,0.051687825471162796
2.0,3378.9333333333334,3379.5333333333333,6988.34375,6988.34375,61.9,62.7,36.0,0.0,517,-0.004944240674376488,0.15412893891334534,0.2794134318828583,1.5181301832199097
2.0,3379.5333333333333,3381.9666666666667,6988.34375,7096.46875,62.7,42.7,146.0,44.43493150684932,518,-1.1917272806167603,1.8481048345565796,-1.8552201986312866,0.051687825471162796
