vin,timestamp,end_time,odo,end_odo,soc,end_soc,event,charge_mode,duration,avg_speed,event_id
1.0,2021-01-01 20:31:00,2021-01-01 20:38:00,4436.640625,4439.46875,56.4,54.9,trip,0,7.0,24.241071428571427,1
1.0,2021-01-01 20:39:00,2021-01-02 15:13:00,4439.46875,4439.46875,54.9,100.0,charge,240,1114.0,0.0,2
1.0,2021-01-02 15:13:00,2021-01-02 15:21:00,4439.46875,4442.5,100.0,100.0,trip,0,8.0,22.734375,3
1.0,2021-01-02 15:21:00,2021-01-02 17:46:00,4442.5,4457.125,100.0,94.5,trip,0,145.0,6.051724137931035,4
1.0,2021-01-02 17:46:00,2021-01-02 17:53:00,4457.125,4461.45,94.5,94.5,trip,0,7.0,37.07142857142701,5
1.0,2021-01-02 18:18:00,2021-01-02 18:19:00,4461.45,4461.48375,94.1,94.1,trip,0,1.0,2.025000000030559,6
1.0,2021-01-02 21:28:00,2021-01-02 21:47:00,4461.48375,4480.75,93.7,89.4,trip,0,19.0,60.84078947368318,7
1.0,2021-01-03 14:08:00,2021-01-03 15:01:00,4480.75,4560.171875,89.0,70.1,trip,0,53.0,89.91155660377359,8
1.0,2021-01-03 15:18:00,2021-01-03 15:21:00,4560.171875,4560.359375,70.1,70.1,trip,0,3.0,3.75,9
1.0,2021-01-03 19:35:00,2021-01-03 21:04:00,4560.359375,4656.9375,70.5,43.9,trip,0,89.0,65.10884831460675,10
1.0,2021-01-03 21:17:00,2021-01-03 21:18:00,4656.9375,4658.234375,43.5,43.5,trip,0,1.0,77.8125,11
1.0,2021-01-03 21:18:00,2021-01-03 21:56:00,4658.234375,4658.234375,43.5,46.6,charge,240,38.0,0.0,12
1.0,2021-01-03 21:56:00,2021-01-03 22:00:00,4658.234375,4658.234375,46.6,46.6,trip,0,4.0,0.0,13
1.0,2021-01-03 22:01:00,2021-01-03 22:08:00,4658.921875,4662.390625,46.6,45.4,trip,0,7.0,29.732142857142858,14
1.0,2021-01-04 17:45:00,2021-01-04 17:51:00,4662.390625,4665.203125,45.8,45.0,trip,0,6.0,28.125,15
1.0,2021-01-04 18:16:00,2021-01-05 01:28:00,4667.953125,4667.953125,44.3,72.5,charge,240,432.0,0.0,16
1.0,2021-01-05 01:28:00,2021-01-05 02:39:00,4667.953125,4768.390625,72.5,48.6,trip,0,71.0,84.87676056338029,17
1.0,2021-01-05 03:00:00,2021-01-05 04:01:00,4768.390625,4865.609375,48.2,16.4,trip,0,61.0,95.625,18
1.0,2021-01-05 11:47:00,2021-01-05 11:56:00,4865.609375,4868.421875,16.8,16.0,trip,0,9.0,18.75,19
1.0,2021-01-05 11:59:00,2021-01-05 17:05:00,4868.421875,4868.421875,16.0,58.4,charge,240,306.0,0.0,20
1.0,2021-01-05 17:05:00,2021-01-05 17:12:00,4868.421875,4870.953125,58.4,58.8,trip,0,7.0,21.69642857142857,21
1.0,2021-01-05 18:28:00,2021-01-05 18:48:00,4870.953125,4880.484375,59.2,58.4,trip,0,20.0,28.59375,22
1.0,2021-01-05 18:52:00,2021-01-05 18:54:00,4880.484375,4880.484375,58.0,59.6,charge,DCCharging,2.0,0.0,23
1.0,2021-01-05 18:54:00,2021-01-05 19:29:00,4880.484375,4880.484375,59.6,81.1,charge,DCCharging,35.0,0.0,24
1.0,2021-01-05 19:29:00,2021-01-05 20:28:00,4880.484375,4973.09375,81.1,60.7,trip,0,59.0,94.17902542372882,25
1.0,2021-01-05 20:28:00,2021-01-05 20:31:00,4973.09375,4973.25,60.7,60.7,trip,0,3.0,3.125,26
1.0,2021-01-05 20:31:00,2021-01-05 20:34:00,4973.25,4974.078125,60.7,60.3,trip,0,3.0,16.5625,27
2.0,2021-04-26 18:40:00,2021-04-26 18:58:00,2096.265625,2106.125,70.9,69.4,trip,0,18.0,32.864583333333336,28
2.0,2021-04-26 22:21:00,2021-04-26 22:32:00,2106.125,2112.5,69.4,68.2,trip,0,11.0,34.77272727272727,29
2.0,2021-04-26 22:46:00,2021-04-26 22:57:00,2112.5,2118.859375,67.8,67.4,trip,0,11.0,34.6875,30
2.0,2021-04-27 02:44:00,2021-04-27 02:57:00,2118.875,2129.15625,66.6,63.5,trip,0,13.0,47.45192307692307,31
2.0,2021-04-27 21:12:00,2021-04-27 21:27:00,2129.15625,2142.859375,63.5,60.3,trip,0,15.0,54.8125,32
2.0,2021-04-27 22:10:00,2021-04-27 22:26:00,2142.859375,2157.046875,59.6,56.0,trip,0,16.0,53.203125,33
2.0,2021-04-28 00:13:00,2021-04-28 00:28:00,2157.046875,2170.640625,55.6,52.1,trip,0,15.0,54.375,34
2.0,2021-04-28 00:43:00,2021-04-28 00:52:00,2170.640625,2177.8125,51.7,49.8,trip,0,9.0,47.8125,35
2.0,2021-04-28 13:42:00,2021-04-28 13:56:00,2177.8125,2188.28125,47.8,45.0,trip,0,14.0,44.86607142857143,36
2.0,2021-04-28 18:21:00,2021-04-28 18:38:00,2188.28125,2201.890625,44.3,42.3,trip,0,17.0,48.033088235294116,37
2.0,2021-04-29 00:30:00,2021-04-29 00:46:00,2201.890625,2216.0625,41.9,38.8,trip,0,16.0,53.14453125,38
2.0,2021-04-29 09:28:00,2021-04-29 09:49:00,2216.0625,2231.390625,38.0,33.7,trip,0,21.0,43.79464285714286,39
2.0,2021-04-29 09:53:00,2021-04-29 10:44:00,2231.390625,2286.71875,33.7,24.3,trip,0,51.0,65.09191176470588,40
2.0,2021-04-29 10:46:00,2021-04-29 11:17:00,2286.71875,2286.734375,24.3,59.2,charge,DCCharging,31.0,0.030241935483870965,41
2.0,2021-04-29 11:17:00,2021-04-29 11:43:00,2286.734375,2307.015625,59.2,55.6,trip,0,26.0,46.80288461538461,42
2.0,2021-04-29 14:07:00,2021-04-29 14:33:00,2307.015625,2318.296875,51.7,49.8,trip,0,26.0,26.033653846153847,43
2.0,2021-04-29 15:20:00,2021-04-29 15:29:00,2318.296875,2322.265625,49.8,49.8,trip,0,9.0,26.458333333333336,44
2.0,2021-04-29 17:05:00,2021-04-29 18:53:00,2322.265625,2411.515625,49.0,26.6,trip,0,108.0,49.58333333333333,45
2.0,2021-04-29 18:53:00,2021-04-29 19:05:00,2411.515625,2419.8125,26.6,25.8,trip,0,12.0,41.484375,46
2.0,2021-04-29 19:05:00,2021-04-29 19:16:00,2419.8125,2419.84375,25.8,25.4,trip,0,11.0,0.17045454545454547,47
2.0,2021-04-29 19:16:00,2021-04-29 23:10:00,2419.84375,2498.796875,25.4,12.1,trip,0,234.0,20.244391025641026,48
2.0,2021-04-29 23:11:00,2021-04-29 23:19:00,2498.796875,2502.71875,12.1,11.3,trip,0,8.0,29.4140625,49
2.0,2021-04-29 23:34:00,2021-04-29 23:34:00,2502.71875,2502.75,10.9,10.9,trip,0,0.0,0.0,50
2.0,2021-04-29 23:35:00,2021-04-30 00:40:00,2502.75,2502.75,10.9,20.0,charge,240,65.0,0.0,51
2.0,2021-04-30 00:40:00,2021-04-30 00:48:00,2502.75,2507.140625,20.0,18.8,trip,0,8.0,32.9296875,52
2.0,2021-04-30 18:52:00,2021-04-30 19:11:00,2507.140625,2520.84375,20.3,18.4,trip,0,19.0,43.27302631578947,53
2.0,2021-04-30 19:11:00,2021-04-30 21:54:00,2520.84375,2520.84375,18.4,34.9,charge,240,163.0,0.0,54
2.0,2021-04-30 21:54:00,2021-04-30 21:57:00,2520.84375,2521.03125,34.9,34.9,trip,0,3.0,3.75,55
2.0,2021-05-01 00:47:00,2021-05-01 01:04:00,2521.03125,2535.15625,35.2,32.1,trip,0,17.0,49.85294117647059,56
2.0,2021-05-01 15:24:00,2021-05-01 15:55:00,2535.15625,2541.265625,30.5,29.8,trip,0,31.0,11.824596774193548,57
2.0,2021-05-01 15:55:00,2021-05-01 16:07:00,2541.265625,2547.1875,29.8,28.6,trip,0,12.0,29.609375,58
2.0,2021-05-01 16:24:00,2021-05-01 16:40:00,2547.1875,2557.328125,28.2,27.0,trip,0,16.0,38.02734375,59
2.0,2021-05-01 18:19:00,2021-05-01 18:28:00,2557.328125,2562.8125,26.6,25.8,trip,0,9.0,36.5625,60
2.0,2021-05-01 18:37:00,2021-05-01 18:51:00,2562.8125,2573.890625,25.8,24.3,trip,0,14.0,47.47767857142857,61
2.0,2021-05-01 18:52:00,2021-05-02 00:04:00,2573.890625,2573.890625,24.3,41.1,charge,240,312.0,0.0,62
2.0,2021-05-02 00:04:00,2021-05-02 00:06:00,2573.890625,2574.078125,41.1,41.1,trip,0,2.0,5.625,63
2.0,2021-05-02 00:34:00,2021-05-02 00:43:00,2574.078125,2582.265625,41.1,39.6,trip,0,9.0,54.583333333333336,64
2.0,2021-05-02 01:00:00,2021-05-02 01:11:00,2582.265625,2588.34375,39.2,38.4,trip,0,11.0,33.15340909090909,65
2.0,2021-05-02 15:38:00,2021-05-02 16:11:00,2588.34375,2609.625,36.8,34.1,trip,0,33.0,38.69318181818181,66
2.0,2021-05-02 16:11:00,2021-05-02 16:53:00,2609.625,2609.65625,34.1,33.3,trip,0,42.0,0.044642857142857144,67
2.0,2021-05-02 16:53:00,2021-05-02 16:57:00,2609.65625,2611.796875,33.3,33.7,trip,0,4.0,32.109375,68
2.0,2021-05-02 17:32:00,2021-05-02 17:38:00,2611.796875,2614.203125,33.7,33.3,trip,0,6.0,24.0625,69
2.0,2021-05-03 13:33:00,2021-05-03 13:50:00,2614.203125,2625.515625,32.1,30.1,trip,0,17.0,39.9264705882353,70
2.0,2021-05-03 13:54:00,2021-05-03 14:31:00,2625.515625,2649.546875,30.1,26.2,trip,0,37.0,38.96959459459459,71
2.0,2021-05-03 18:32:00,2021-05-03 18:48:00,2649.546875,2657.875,25.8,24.3,trip,0,16.0,31.23046875,72
2.0,2021-05-03 18:54:00,2021-05-03 19:07:00,2657.875,2664.53125,24.3,23.9,trip,0,13.0,30.721153846153847,73
2.0,2021-05-03 19:26:00,2021-05-03 19:33:00,2664.53125,2667.984375,23.5,23.1,trip,0,7.0,29.598214285714285,74
2.0,2021-05-03 19:56:00,2021-05-03 20:04:00,2667.984375,2671.890625,23.1,22.7,trip,0,8.0,29.296875,75
2.0,2021-05-03 20:22:00,2021-05-03 20:43:00,2671.890625,2687.1875,22.3,19.2,trip,0,21.0,43.705357142857146,76
2.0,2021-05-03 21:44:00,2021-05-03 21:58:00,2687.1875,2694.96875,19.2,17.6,trip,0,14.0,33.348214285714285,77
2.0,2021-05-03 22:06:00,2021-05-03 22:21:00,2694.96875,2704.03125,17.6,16.0,trip,0,15.0,36.25,78
2.0,2021-05-04 14:41:00,2021-05-04 15:08:00,2704.03125,2718.265625,15.6,13.3,trip,0,27.0,31.631944444444443,79
2.0,2021-05-04 15:20:00,2021-05-04 15:43:00,2718.265625,2734.28125,12.9,10.5,trip,0,23.0,41.77989130434782,80
2.0,2021-05-04 15:45:00,2021-05-04 17:46:00,2734.28125,2734.28125,10.5,12.5,charge,0,121.0,0.0,81
2.0,2021-05-04 17:46:00,2021-05-04 18:08:00,2734.28125,2749.71875,12.5,10.1,trip,0,22.0,42.102272727272734,82
2.0,2021-05-04 18:22:00,2021-05-04 18:45:00,2749.71875,2765.46875,9.8,7.4,trip,0,23.0,41.086956521739125,83
2.0,2021-05-04 19:07:00,2021-05-04 19:26:00,2765.46875,2776.53125,7.0,5.4,trip,0,19.0,34.93421052631579,84
2.0,2021-05-04 19:27:00,2021-05-04 21:43:00,2776.53125,2776.53125,5.4,22.3,charge,240,136.0,0.0,85
2.0,2021-05-04 21:43:00,2021-05-04 21:49:00,2776.53125,2777.484375,22.3,22.3,trip,0,6.0,9.53125,86
2.0,2021-05-04 21:50:00,2021-05-04 22:08:00,2777.484375,2777.484375,22.3,24.3,charge,240,18.0,0.0,87
2.0,2021-05-04 22:08:00,2021-05-04 22:12:00,2777.484375,2778.328125,24.3,24.7,trip,0,4.0,12.65625,88
2.0,2021-05-04 22:12:00,2021-05-05 01:14:00,2778.328125,2778.328125,24.7,51.3,charge,240,182.0,0.0,89
2.0,2021-05-05 01:14:00,2021-05-05 01:16:00,2778.328125,2778.59375,51.3,51.3,trip,0,2.0,7.96875,90
2.0,2021-05-05 01:41:00,2021-05-05 01:54:00,2778.609375,2790.234375,51.3,48.6,trip,0,13.0,53.65384615384615,91
2.0,2021-05-05 14:21:00,2021-05-05 14:39:00,2790.234375,2800.4375,48.6,47.0,trip,0,18.0,34.01041666666667,92
2.0,2021-05-05 14:39:00,2021-05-05 15:17:00,2800.4375,2800.4375,47.0,50.5,charge,240,38.0,0.0,93
2.0,2021-05-05 15:17:00,2021-05-05 15:22:00,2800.4375,2802.875,50.5,50.5,trip,0,5.0,29.25,94
2.0,2021-05-05 15:23:00,2021-05-05 15:41:00,2802.875,2802.875,50.5,52.5,charge,240,18.0,0.0,95
2.0,2021-05-05 15:41:00,2021-05-05 15:59:00,2802.875,2811.671875,52.5,50.5,trip,0,18.0,29.322916666666668,96
2.0,2021-05-05 16:13:00,2021-05-05 17:40:00,2811.671875,2875.703125,50.5,39.6,trip,0,87.0,44.15948275862069,97
2.0,2021-05-05 17:40:00,2021-05-05 18:48:00,2875.703125,2875.75,39.6,38.8,trip,0,68.0,0.04136029411764706,98
2.0,2021-05-05 18:48:00,2021-05-05 19:03:00,2875.75,2886.8125,38.8,36.8,trip,0,15.0,44.25,99
2.0,2021-05-05 19:04:00,2021-05-05 19:05:00,2886.8125,2887.03125,36.8,36.8,trip,0,1.0,13.125,100
2.0,2021-05-05 19:05:00,2021-05-05 20:29:00,2887.03125,2887.03125,36.8,48.6,charge,240,84.0,0.0,101
2.0,2021-05-05 20:29:00,2021-05-05 20:46:00,2887.03125,2895.171875,48.6,47.0,trip,0,17.0,28.731617647058826,102
2.0,2021-05-05 20:47:00,2021-05-05 21:19:00,2895.171875,2900.703125,47.0,45.8,trip,0,32.0,10.37109375,103
2.0,2021-05-05 21:45:00,2021-05-05 21:56:00,2900.703125,2910.1875,45.0,43.9,trip,0,11.0,51.73295454545455,104
2.0,2021-05-05 21:56:00,2021-05-06 00:28:00,2910.1875,2910.1875,43.9,65.8,charge,240,152.0,0.0,105
2.0,2021-05-06 00:28:00,2021-05-06 00:42:00,2910.1875,2921.828125,65.8,63.1,trip,0,14.0,49.888392857142854,106
2.0,2021-05-06 19:16:00,2021-05-06 19:28:00,2921.828125,2928.125,63.9,63.1,trip,0,12.0,31.484375,107
2.0,2021-05-06 19:32:00,2021-05-06 19:47:00,2928.125,2935.0,63.1,61.9,trip,0,15.0,27.5,108
2.0,2021-05-06 20:39:00,2021-05-06 21:01:00,2935.0,2948.328125,61.1,59.2,trip,0,22.0,36.34943181818182,109
2.0,2021-05-07 18:51:00,2021-05-07 19:12:00,2948.328125,2959.421875,58.8,57.6,trip,0,21.0,31.696428571428573,110
2.0,2021-05-07 19:13:00,2021-05-07 22:03:00,2959.421875,2959.421875,57.6,82.7,charge,240,170.0,0.0,111
2.0,2021-05-07 22:03:00,2021-05-07 22:05:00,2959.421875,2959.578125,82.7,82.7,trip,0,2.0,4.6875,112
2.0,2021-05-07 23:40:00,2021-05-07 23:42:00,2959.578125,2960.015625,82.3,82.3,trip,0,2.0,13.125,113
2.0,2021-05-08 00:48:00,2021-05-08 00:58:00,2960.015625,2968.1875,81.9,80.3,trip,0,10.0,49.03125,114
2.0,2021-05-08 01:12:00,2021-05-08 01:26:00,2968.1875,2976.921875,80.0,78.0,trip,0,14.0,37.433035714285715,115
2.0,2021-05-08 12:33:00,2021-05-08 12:47:00,2976.921875,2988.015625,78.0,76.8,trip,0,14.0,47.544642857142854,116
2.0,2021-05-08 12:48:00,2021-05-08 14:52:00,2988.015625,2988.015625,76.8,93.7,charge,240,124.0,0.0,117
2.0,2021-05-08 14:52:00,2021-05-08 14:55:00,2988.015625,2988.203125,93.7,93.7,trip,0,3.0,3.75,118
2.0,2021-05-08 18:56:00,2021-05-08 19:14:00,2988.203125,2999.984375,93.3,90.9,trip,0,18.0,39.270833333333336,119
2.0,2021-05-08 22:36:00,2021-05-08 22:40:00,3000.0,3002.25,90.5,90.5,trip,0,4.0,33.75,120
2.0,2021-05-08 22:45:00,2021-05-08 22:49:00,3002.25,3004.203125,90.5,89.8,trip,0,4.0,29.296875,121
2.0,2021-05-09 10:48:00,2021-05-09 10:53:00,3004.203125,3006.359375,89.8,88.6,trip,0,5.0,25.875,122
2.0,2021-05-09 11:01:00,2021-05-09 11:05:00,3006.359375,3008.53125,88.6,88.6,trip,0,4.0,32.578125,123
2.0,2021-05-09 19:57:00,2021-05-09 20:09:00,3008.546875,3015.46875,87.8,87.0,trip,0,12.0,34.609375,124
2.0,2021-05-09 20:19:00,2021-05-09 20:32:00,3015.46875,3022.03125,86.6,85.0,trip,0,13.0,30.288461538461537,125
2.0,2021-05-10 14:03:00,2021-05-10 14:04:00,3022.03125,3022.578125,84.7,84.7,trip,0,1.0,32.8125,126
2.0,2021-05-10 14:05:00,2021-05-10 15:26:00,3022.578125,3022.578125,84.7,86.2,charge,120,81.0,0.0,127
2.0,2021-05-10 15:26:00,2021-05-10 15:34:00,3022.578125,3025.53125,86.2,86.2,trip,0,8.0,22.1484375,128
2.0,2021-05-10 15:36:00,2021-05-10 17:46:00,3025.53125,3081.25,86.2,76.4,trip,0,130.0,25.716346153846157,129
2.0,2021-05-10 17:47:00,2021-05-10 17:53:00,3081.25,3083.78125,76.4,76.0,trip,0,6.0,25.3125,130
2.0,2021-05-10 18:29:00,2021-05-10 20:42:00,3083.78125,3202.0,76.0,52.5,trip,0,133.0,53.33176691729323,131
2.0,2021-05-10 20:49:00,2021-05-10 21:23:00,3202.0,3243.71875,52.1,41.9,trip,0,34.0,73.62132352941177,132
2.0,2021-05-10 21:41:00,2021-05-10 22:34:00,3243.71875,3317.84375,41.9,24.3,trip,0,53.0,83.91509433962264,133
2.0,2021-05-10 22:37:00,2021-05-10 22:39:00,3317.84375,3318.3125,24.3,24.3,trip,0,2.0,14.0625,134
2.0,2021-05-10 22:40:00,2021-05-11 00:15:00,3318.3125,3318.3125,24.3,38.4,charge,240,95.0,0.0,135
2.0,2021-05-11 00:15:00,2021-05-11 01:38:00,3318.3125,3372.109375,38.4,29.8,trip,0,83.0,38.88930722891566,136
2.0,2021-05-11 01:41:00,2021-05-11 17:58:00,3372.109375,3372.109375,29.8,49.8,charge,120,977.0,0.0,137
2.0,2021-05-11 17:58:00,2021-05-11 21:03:00,3372.109375,3475.96875,49.8,30.5,trip,0,185.0,33.68412162162162,138
2.0,2021-05-11 21:04:00,2021-05-11 21:09:00,3475.96875,3475.96875,30.5,30.9,charge,240,5.0,0.0,139
2.0,2021-05-11 21:09:00,2021-05-11 21:42:00,3475.96875,3494.171875,30.9,27.4,trip,0,33.0,33.09659090909091,140
2.0,2021-05-11 21:46:00,2021-05-11 22:21:00,3494.171875,3513.078125,27.4,25.0,trip,0,35.0,32.410714285714285,141
2.0,2021-05-11 22:22:00,2021-05-12 00:28:00,3513.078125,3513.078125,25.0,43.5,charge,240,126.0,0.0,142
2.0,2021-05-12 00:28:00,2021-05-12 00:35:00,3513.078125,3515.25,43.5,43.5,trip,0,7.0,18.616071428571427,143
2.0,2021-05-12 00:37:00,2021-05-12 03:30:00,3515.25,3645.8125,43.5,16.8,trip,0,173.0,45.28179190751445,144
2.0,2021-05-12 03:31:00,2021-05-12 12:55:00,3645.8125,3645.8125,16.8,28.2,charge,120,564.0,0.0,145
2.0,2021-05-12 12:55:00,2021-05-12 14:05:00,3645.8125,3696.296875,28.2,19.6,trip,0,70.0,43.27232142857142,146
2.0,2021-05-12 14:06:00,2021-05-12 16:08:00,3696.296875,3696.296875,19.6,37.6,charge,240,122.0,0.0,147
2.0,2021-05-12 16:08:00,2021-05-12 17:41:00,3696.296875,3778.484375,37.6,21.9,trip,0,93.0,53.024193548387096,148
2.0,2021-05-12 17:41:00,2021-05-12 18:55:00,3778.484375,3778.484375,21.9,32.1,charge,240,74.0,0.0,149
2.0,2021-05-12 18:55:00,2021-05-12 19:14:00,3778.484375,3790.109375,32.1,29.4,trip,0,19.0,36.71052631578947,150
2.0,2021-05-12 20:39:00,2021-05-12 21:31:00,3790.109375,3822.453125,29.0,23.9,trip,0,52.0,37.31971153846154,151
2.0,2021-05-12 21:33:00,2021-05-12 22:00:00,3822.453125,3852.03125,23.9,17.6,trip,0,27.0,65.72916666666667,152
2.0,2021-05-12 22:15:00,2021-05-12 22:25:00,3852.03125,3857.46875,17.6,17.2,trip,0,10.0,32.625,153
2.0,2021-05-12 22:25:00,2021-05-12 23:55:00,3857.46875,3857.46875,17.2,31.3,charge,240,90.0,0.0,154
2.0,2021-05-12 23:55:00,2021-05-13 00:12:00,3857.46875,3869.421875,31.3,30.1,trip,0,17.0,42.1875,155
2.0,2021-05-13 00:21:00,2021-05-13 02:48:00,3869.421875,3997.6875,30.1,3.5,trip,0,147.0,52.35331632653061,156
2.0,2021-05-13 02:48:00,2021-05-13 03:03:00,3997.6875,3997.6875,3.5,4.7,charge,240,15.0,0.0,157
2.0,2021-05-13 03:03:00,2021-05-13 03:11:00,3997.6875,4002.234375,4.7,3.9,trip,0,8.0,34.1015625,158
2.0,2021-05-13 03:12:00,2021-05-13 04:00:00,4002.234375,4002.234375,3.9,7.0,charge,240,48.0,0.0,159
2.0,2021-05-13 04:00:00,2021-05-13 04:06:00,4002.234375,4004.5,7.0,6.2,trip,0,6.0,22.65625,160
2.0,2021-05-13 04:08:00,2021-05-13 04:08:00,4004.5,4004.515625,6.2,6.2,trip,0,0.0,0.0,161
2.0,2021-05-13 04:12:00,2021-05-13 04:27:00,4004.53125,4004.53125,6.2,20.0,charge,DCCharging,15.0,0.0,162
2.0,2021-05-13 04:27:00,2021-05-13 04:57:00,4004.53125,4035.515625,20.0,13.3,trip,0,30.0,61.96875,163
2.0,2021-05-13 04:57:00,2021-05-13 19:48:00,4035.515625,4035.515625,13.3,31.3,charge,120,891.0,0.0,164
2.0,2021-05-13 19:48:00,2021-05-13 20:04:00,4035.515625,4043.625,31.3,29.8,trip,0,16.0,30.41015625,165
2.0,2021-05-13 20:06:00,2021-05-13 21:12:00,4043.625,4081.328125,29.8,24.7,trip,0,66.0,34.27556818181818,166
2.0,2021-05-13 21:13:00,2021-05-13 21:51:00,4081.328125,4081.328125,24.7,29.8,charge,240,38.0,0.0,167
2.0,2021-05-13 21:51:00,2021-05-13 22:09:00,4081.328125,4096.984375,29.8,27.0,trip,0,18.0,52.1875,168
2.0,2021-05-13 22:26:00,2021-05-13 23:08:00,4096.984375,4137.046875,27.0,18.8,trip,0,42.0,57.23214285714286,169
2.0,2021-05-13 23:17:00,2021-05-13 23:51:00,4137.046875,4137.046875,18.8,47.0,charge,DCCharging,34.0,0.0,170
2.0,2021-05-13 23:51:00,2021-05-14 00:50:00,4137.046875,4160.046875,47.0,43.1,trip,0,59.0,23.389830508474578,171
2.0,2021-05-14 00:51:00,2021-05-14 00:58:00,4160.046875,4160.046875,43.1,43.9,charge,240,7.0,0.0,172
2.0,2021-05-14 00:58:00,2021-05-14 04:54:00,4160.046875,4336.84375,43.9,9.4,trip,0,236.0,44.94835805084746,173
2.0,2021-05-14 04:55:00,2021-05-14 18:18:00,4336.84375,4336.84375,9.4,25.4,charge,120,803.0,0.0,174
2.0,2021-05-14 18:18:00,2021-05-14 18:33:00,4336.84375,4344.9375,25.4,23.9,trip,0,15.0,32.375,175
2.0,2021-05-14 18:34:00,2021-05-14 18:41:00,4344.9375,4348.90625,23.9,23.9,trip,0,7.0,34.01785714285714,176
2.0,2021-05-14 18:59:00,2021-05-14 19:49:00,4348.90625,4367.265625,23.5,20.3,trip,0,50.0,22.03125,177
2.0,2021-05-14 19:50:00,2021-05-14 20:53:00,4367.265625,4367.265625,20.3,70.9,charge,DCCharging,63.0,0.0,178
2.0,2021-05-14 20:53:00,2021-05-14 22:00:00,4367.265625,4384.640625,70.9,67.0,trip,0,67.0,15.559701492537313,179
2.0,2021-05-14 22:23:00,2021-05-15 00:29:00,4384.640625,4473.140625,67.0,49.0,trip,0,126.0,42.14285714285714,180
2.0,2021-05-15 00:29:00,2021-05-15 00:38:00,4473.140625,4473.140625,49.0,49.8,charge,240,9.0,0.0,181
2.0,2021-05-15 00:38:00,2021-05-15 03:05:00,4473.140625,4585.78125,49.8,27.4,trip,0,147.0,45.97576530612245,182
1.0,2021-01-06 14:29:00,2021-01-06 14:38:00,4974.078125,4975.34375,59.6,59.6,trip,0,9.0,8.4375,183
1.0,2021-01-06 14:39:00,2021-01-06 15:11:00,4975.34375,4975.34375,59.6,64.3,charge,0,32.0,0.0,184
1.0,2021-01-06 15:11:00,2021-01-06 15:34:00,4975.34375,4981.546875,64.3,62.3,trip,0,23.0,16.182065217391305,185
1.0,2021-01-06 15:34:00,2021-01-06 15:35:00,4981.546875,4981.5625,62.3,62.3,trip,0,1.0,0.9375,186
1.0,2021-01-06 15:35:00,2021-01-06 18:10:00,4981.5625,4998.109375,62.3,59.6,trip,0,155.0,6.405241935483871,187
1.0,2021-01-06 18:10:00,2021-01-06 18:13:00,4998.109375,4998.59375,59.6,59.6,trip,0,3.0,9.6875,188
1.0,2021-01-06 18:13:00,2021-01-06 18:37:00,4998.59375,5000.78125,59.6,58.8,trip,0,24.0,5.46875,189
1.0,2021-01-06 18:37:00,2021-01-06 19:04:00,5000.78125,5006.25,58.8,58.4,trip,0,27.0,12.152777777777777,190
1.0,2021-01-06 19:09:00,2021-01-06 19:12:00,5006.25,5007.3125,57.6,57.6,trip,0,3.0,21.25,191
1.0,2021-01-06 19:12:00,2021-01-06 19:14:00,5007.3125,5007.5,57.6,57.6,trip,0,2.0,5.625,192
1.0,2021-01-06 19:35:00,2021-01-06 19:36:00,5007.5,5008.265625,68.6,68.6,trip,0,1.0,45.9375,193
1.0,2021-01-06 19:36:00,2021-01-06 19:41:00,5008.265625,5010.078125,68.6,68.6,trip,0,5.0,21.75,194
1.0,2021-01-06 20:55:00,2021-01-06 21:08:00,5010.078125,5015.25,68.2,67.0,trip,0,13.0,23.870192307692307,195
1.0,2021-01-06 21:17:00,2021-01-06 21:28:00,5015.25,5024.5625,66.6,64.7,trip,0,11.0,50.79545454545455,196
1.0,2021-01-06 21:46:00,2021-01-06 21:50:00,5024.5625,5025.71875,63.9,63.9,trip,0,4.0,17.34375,197
1.0,2021-01-07 10:24:00,2021-01-07 10:52:00,5025.71875,5047.5,63.5,57.6,trip,0,28.0,46.67410714285714,198
1.0,2021-01-07 13:34:00,2021-01-07 14:10:00,5047.5,5070.328125,56.4,52.5,trip,0,36.0,38.046875,199
1.0,2021-01-07 19:12:00,2021-01-07 19:53:00,5070.328125,5086.34375,51.7,49.4,trip,0,41.0,23.4375,200
1.0,2021-01-07 20:54:00,2021-01-07 21:01:00,5086.34375,5088.5,49.0,48.6,trip,0,7.0,18.482142857142858,201
1.0,2021-01-07 21:49:00,2021-01-08 08:04:00,5088.5,5105.359375,78.4,74.1,trip,0,615.0,1.6448170731707317,202
1.0,2021-01-08 08:04:00,2021-01-08 08:57:00,5105.359375,5189.65625,74.1,44.3,trip,0,53.0,95.43042452830188,203
1.0,2021-01-08 10:56:00,2021-01-08 11:13:00,5189.65625,5201.6875,43.5,40.0,trip,0,17.0,42.463235294117645,204
1.0,2021-01-08 11:13:00,2021-01-08 13:23:00,5201.6875,5201.765625,40.0,40.3,trip,0,130.0,0.03605769230769231,205
1.0,2021-01-08 13:23:00,2021-01-08 13:30:00,5201.765625,5204.515625,40.3,40.0,trip,0,7.0,23.57142857142857,206
1.0,2021-01-08 13:31:00,2021-01-08 22:44:00,5204.515625,5204.515625,40.0,100.0,charge,240,553.0,0.0,207
1.0,2021-01-08 22:44:00,2021-01-08 22:53:00,5204.515625,5207.25,100.0,100.0,trip,0,9.0,18.229166666666668,208
1.0,2021-01-09 10:00:00,2021-01-09 10:49:00,5207.25,5286.109375,100.0,78.4,trip,0,49.0,96.5625,209
1.0,2021-01-09 13:45:00,2021-01-09 13:48:00,5286.109375,5287.15625,77.6,77.6,trip,0,3.0,20.9375,210
1.0,2021-01-09 13:48:00,2021-01-09 16:08:00,5287.15625,5366.84375,77.6,56.8,trip,0,140.0,34.151785714285715,211
1.0,2021-01-09 16:08:00,2021-01-09 16:09:00,5366.84375,5366.875,56.8,56.8,trip,0,1.0,1.875,212
1.0,2021-01-09 16:16:00,2021-01-10 15:15:00,5445.390625,5445.390625,56.4,78.0,charge,120,1379.0,0.0,213
1.0,2021-01-10 15:15:00,2021-01-10 15:22:00,5445.390625,5446.46875,78.0,78.0,trip,0,7.0,9.241071428571429,214
1.0,2021-01-10 19:35:00,2021-01-10 19:53:00,5446.46875,5454.53125,76.4,74.1,trip,0,18.0,26.875,215
1.0,2021-01-10 19:53:00,2021-01-10 20:55:00,5454.53125,5540.78125,74.1,48.6,trip,0,62.0,83.46774193548386,216
1.0,2021-01-11 00:08:00,2021-01-11 14:12:00,5540.78125,5540.78125,49.4,74.5,charge,120,844.0,0.0,217
1.0,2021-01-11 14:12:00,2021-01-11 14:18:00,5540.78125,5540.8125,74.5,74.1,trip,0,6.0,0.3125,218
1.0,2021-01-11 14:18:00,2021-01-11 15:15:00,5540.8125,5631.203125,74.1,54.9,trip,0,57.0,95.14802631578948,219
1.0,2021-01-11 15:23:00,2021-01-11 15:28:00,5631.203125,5633.40625,54.1,54.1,trip,0,5.0,26.4375,220
1.0,2021-01-11 15:47:00,2021-01-11 15:52:00,5633.40625,5635.734375,53.7,53.7,trip,0,5.0,27.9375,221
1.0,2021-01-11 17:02:00,2021-01-11 18:22:00,5635.734375,5730.109375,53.3,27.0,trip,0,80.0,70.78125,222
1.0,2021-01-11 18:31:00,2021-01-11 18:45:00,5730.125,5735.203125,27.0,26.2,trip,0,14.0,21.763392857142858,223
1.0,2021-01-11 18:45:00,2021-01-12 10:32:00,5735.203125,5735.203125,26.2,100.0,charge,240,947.0,0.0,224
1.0,2021-01-12 10:32:00,2021-01-12 10:40:00,5735.203125,5739.125,100.0,99.2,trip,0,8.0,29.4140625,225
1.0,2021-01-12 10:40:00,2021-01-12 11:39:00,5739.125,5824.203125,99.2,78.0,trip,0,59.0,86.52012711864407,226
1.0,2021-01-12 11:39:00,2021-01-13 13:07:00,5824.203125,5909.734375,78.0,53.7,trip,0,1528.0,3.358556937172775,227
1.0,2021-01-13 13:07:00,2021-01-13 13:09:00,5909.734375,5909.765625,53.7,53.7,trip,0,2.0,0.9375,228
1.0,2021-01-13 13:10:00,2021-01-13 18:19:00,5909.765625,5909.765625,53.7,62.3,charge,120,309.0,0.0,229
1.0,2021-01-13 18:19:00,2021-01-13 19:15:00,5909.765625,5996.625,62.3,41.5,trip,0,56.0,93.06361607142857,230
1.0,2021-01-13 19:19:00,2021-01-13 19:21:00,5996.625,5996.96875,41.5,41.5,trip,0,2.0,10.3125,231
1.0,2021-01-13 19:22:00,2021-01-13 19:30:00,5996.96875,5996.96875,41.5,50.1,charge,0,8.0,0.0,232
1.0,2021-01-13 19:30:00,2021-01-13 20:46:00,5996.96875,5998.875,50.1,50.9,trip,0,76.0,1.504934210526316,233
1.0,2021-01-13 20:46:00,2021-01-13 21:57:00,5998.875,6084.390625,50.9,25.8,trip,0,71.0,72.26672535211267,234
1.0,2021-01-13 22:02:00,2021-01-14 00:07:00,6084.390625,6084.390625,25.8,29.4,charge,120,125.0,0.0,235
1.0,2021-01-14 00:07:00,2021-01-14 00:12:00,6084.390625,6087.234375,29.4,28.2,trip,0,5.0,34.125,236
1.0,2021-01-14 00:13:00,2021-01-14 09:50:00,6087.234375,6087.234375,28.2,100.0,charge,240,577.0,0.0,237
1.0,2021-01-14 09:50:00,2021-01-14 10:47:00,6087.234375,6163.546875,100.0,85.8,trip,0,57.0,80.32894736842105,238
1.0,2021-01-14 10:47:00,2021-01-14 10:52:00,6163.546875,6163.59375,85.8,85.4,trip,0,5.0,0.5625,239
1.0,2021-01-14 10:52:00,2021-01-14 10:54:00,6163.59375,6164.609375,85.4,85.4,trip,0,2.0,30.46875,240
1.0,2021-01-14 13:36:00,2021-01-14 13:37:00,6164.609375,6164.625,84.3,84.3,trip,0,1.0,0.9375,241
1.0,2021-01-14 13:38:00,2021-01-14 13:45:00,6164.625,6165.65625,84.3,84.3,trip,0,7.0,8.839285714285714,242
1.0,2021-01-14 13:59:00,2021-01-14 14:08:00,6165.65625,6168.609375,84.3,83.5,trip,0,9.0,19.6875,243
1.0,2021-01-14 18:00:00,2021-01-14 18:09:00,6168.609375,6170.328125,83.1,82.7,trip,0,9.0,11.458333333333334,244
1.0,2021-01-14 18:18:00,2021-01-14 18:19:00,6170.328125,6170.34375,82.3,82.3,trip,0,1.0,0.9375,245
1.0,2021-01-14 18:21:00,2021-01-14 18:24:00,6170.34375,6170.34375,82.3,82.3,trip,0,3.0,0.0,246
1.0,2021-01-14 18:25:00,2021-01-14 18:27:00,6170.34375,6170.640625,82.3,82.3,trip,0,2.0,8.90625,247
1.0,2021-01-14 18:30:00,2021-01-14 19:10:00,6170.640625,6180.640625,82.3,80.3,trip,0,40.0,15.0,248
1.0,2021-01-14 19:10:00,2021-01-14 19:14:00,6180.640625,6181.84375,80.3,80.0,trip,0,4.0,18.046875,249
1.0,2021-01-14 19:14:00,2021-01-14 19:52:00,6181.84375,6181.84375,80.0,81.5,charge,240,38.0,0.0,250
1.0,2021-01-14 19:52:00,2021-01-14 19:58:00,6181.84375,6181.84375,81.5,81.5,trip,0,6.0,0.0,251
1.0,2021-01-14 22:01:00,2021-01-14 22:58:00,6181.84375,6267.171875,81.5,56.4,trip,0,57.0,89.81907894736842,252
1.0,2021-01-14 22:58:00,2021-01-15 09:53:00,6267.171875,6267.25,56.4,56.4,trip,0,655.0,0.007156488549618321,253
1.0,2021-01-15 09:53:00,2021-01-15 10:56:00,6267.25,6351.96875,56.4,38.8,trip,0,63.0,80.68452380952381,254
1.0,2021-01-15 13:32:00,2021-01-15 14:05:00,6351.96875,6380.484375,38.4,30.5,trip,0,33.0,51.84659090909091,255
1.0,2021-01-15 14:05:00,2021-01-15 14:34:00,6380.484375,6380.484375,30.5,65.4,charge,DCCharging,29.0,0.0,256
1.0,2021-01-15 14:34:00,2021-01-15 15:15:00,6380.484375,6445.078125,65.4,45.8,trip,0,41.0,94.52743902439025,257
1.0,2021-01-15 15:40:00,2021-01-15 15:41:00,6445.078125,6445.078125,45.8,45.8,trip,0,1.0,0.0,258
1.0,2021-01-15 15:41:00,2021-01-15 19:45:00,6445.078125,6445.078125,45.8,52.5,charge,0,244.0,0.0,259
1.0,2021-01-15 19:45:00,2021-01-15 20:03:00,6445.078125,6454.171875,52.5,51.3,trip,0,18.0,30.3125,260
1.0,2021-01-15 20:03:00,2021-01-15 20:04:00,6454.171875,6454.234375,51.3,51.3,trip,0,1.0,3.75,261
1.0,2021-01-15 21:09:00,2021-01-15 21:25:00,6454.234375,6462.421875,51.3,49.0,trip,0,16.0,30.703125,262
1.0,2021-01-15 22:00:00,2021-01-15 22:02:00,6462.421875,6462.625,49.0,49.0,trip,0,2.0,6.09375,263
1.0,2021-01-15 22:03:00,2021-01-15 22:29:00,6462.625,6477.234375,49.0,46.2,trip,0,26.0,33.71394230769231,264
1.0,2021-01-15 22:42:00,2021-01-15 23:00:00,6477.234375,6488.34375,45.4,43.5,trip,0,18.0,37.03125,265
1.0,2021-01-15 23:00:00,2021-01-16 09:39:00,6488.34375,6563.365008,43.5,41.5,trip,0,639.0,7.044249577464766,266
1.0,2021-01-16 09:39:00,2021-01-17 14:20:00,6563.365008,6563.365008,41.5,92.5,charge,120,1721.0,0.0,267
1.0,2021-01-17 14:20:00,2021-01-17 15:14:00,6563.365008,6569.703125,92.5,73.7,trip,0,54.0,7.042352222222487,268
1.0,2021-01-17 19:37:00,2021-01-17 19:46:00,6569.703125,6573.8125,72.5,72.1,trip,0,9.0,27.395833333333336,269
1.0,2021-01-17 19:56:00,2021-01-17 20:05:00,6573.8125,6577.453125,71.3,70.5,trip,0,9.0,24.270833333333336,270
1.0,2021-01-17 20:07:00,2021-01-17 20:26:00,6577.453125,6589.171875,70.5,67.8,trip,0,19.0,37.006578947368425,271
1.0,2021-01-17 20:26:00,2021-01-17 20:34:00,6589.171875,6589.28125,67.8,67.4,trip,0,8.0,0.8203125,272
1.0,2021-01-17 20:34:00,2021-01-17 21:16:00,6589.28125,6663.453125,67.4,45.8,trip,0,42.0,105.95982142857143,273
1.0,2021-01-17 22:04:00,2021-01-17 22:14:00,6663.453125,6676.609375,46.2,42.7,trip,0,10.0,78.9375,274
1.0,2021-01-17 23:00:00,2021-01-17 23:12:00,6676.609375,6689.75,42.7,39.2,trip,0,12.0,65.703125,275
1.0,2021-01-17 23:12:00,2021-01-18 11:19:00,6689.75,6766.881646,39.2,38.8,trip,0,727.0,6.365747950481415,276
1.0,2021-01-18 11:19:00,2021-01-19 09:46:00,6766.881646,6766.881646,38.8,78.0,charge,120,1347.0,0.0,277
1.0,2021-01-19 09:46:00,2021-01-19 10:59:00,6766.881646,6774.59375,78.0,60.3,trip,0,73.0,6.338715616438506,278
1.0,2021-01-19 12:18:00,2021-01-19 12:26:00,6774.59375,6777.3125,60.7,60.7,trip,0,8.0,20.390625,279
1.0,2021-01-19 12:41:00,2021-01-19 12:58:00,6777.3125,6783.890625,60.0,59.2,trip,0,17.0,23.216911764705884,280
1.0,2021-01-19 13:15:00,2021-01-19 13:30:00,6783.890625,6784.484375,58.4,58.4,trip,0,15.0,2.375,281
1.0,2021-01-19 15:01:00,2021-01-19 15:04:00,6784.484375,6785.125,58.0,58.0,trip,0,3.0,12.8125,282
1.0,2021-01-19 16:27:00,2021-01-19 17:29:00,6785.125,6864.15625,58.0,29.8,trip,0,62.0,76.48185483870967,283
1.0,2021-01-19 21:03:00,2021-01-20 18:20:00,6864.15625,6864.15625,32.1,69.4,charge,120,1277.0,0.0,284
1.0,2021-01-20 18:20:00,2021-01-20 18:23:00,6864.15625,6865.796875,69.4,69.0,trip,0,3.0,32.8125,285
1.0,2021-01-20 18:23:00,2021-01-20 20:39:00,6865.796875,6950.296875,69.0,50.5,trip,0,136.0,37.279411764705884,286
1.0,2021-01-20 20:39:00,2021-01-20 21:50:00,6950.296875,7000.1875,50.5,38.0,trip,0,71.0,42.161091549295776,287
1.0,2021-01-20 21:51:00,2021-01-20 22:38:00,7000.1875,7000.1875,38.0,79.6,charge,0,47.0,0.0,288
1.0,2021-01-20 22:38:00,2021-01-20 23:16:00,7000.1875,7057.0,79.6,61.9,trip,0,38.0,89.70394736842105,289
1.0,2021-01-21 00:19:00,2021-01-21 09:39:00,7057.0,7057.0,61.9,78.8,charge,120,560.0,0.0,290
1.0,2021-01-21 09:39:00,2021-01-21 10:51:00,7057.0,7137.109375,78.8,59.2,trip,0,72.0,66.7578125,291
1.0,2021-01-21 10:51:00,2021-01-21 10:54:00,7137.109375,7138.171875,59.2,59.2,trip,0,3.0,21.25,292
1.0,2021-01-21 13:33:00,2021-01-21 13:35:00,7138.171875,7138.171875,58.4,58.4,trip,0,2.0,0.0,293
1.0,2021-01-21 13:43:00,2021-01-21 14:03:00,7138.171875,7146.4375,58.0,56.8,trip,0,20.0,24.796875,294
1.0,2021-01-21 14:03:00,2021-01-21 14:51:00,7146.4375,7146.4375,56.8,82.7,charge,DCCharging,48.0,0.0,295
1.0,2021-01-21 14:51:00,2021-01-21 15:00:00,7146.4375,7149.375,82.7,82.3,trip,0,9.0,19.583333333333336,296
1.0,2021-01-21 15:59:00,2021-01-21 16:41:00,7149.375,7170.859375,82.3,76.4,trip,0,42.0,30.69196428571429,297
1.0,2021-01-21 16:50:00,2021-01-21 17:25:00,7170.859375,7189.78125,76.0,73.3,trip,0,35.0,32.4375,298
1.0,2021-01-21 17:39:00,2021-01-21 18:19:00,7189.78125,7189.78125,72.5,79.2,charge,240,40.0,0.0,299
1.0,2021-01-21 18:20:00,2021-01-21 18:59:00,7189.78125,7189.78125,79.2,85.0,charge,240,39.0,0.0,300
1.0,2021-01-21 18:59:00,2021-01-21 19:02:00,7189.78125,7190.9375,85.0,85.0,trip,0,3.0,23.125,301
1.0,2021-01-21 22:11:00,2021-01-21 23:19:00,7190.9375,7276.265625,85.0,60.3,trip,0,68.0,75.28952205882354,302
1.0,2021-01-21 23:19:00,2021-01-22 09:49:00,7276.265625,7276.265625,60.3,78.8,charge,120,630.0,0.0,303
1.0,2021-01-22 09:49:00,2021-01-22 10:56:00,7276.265625,7361.375,78.8,60.3,trip,0,67.0,76.21735074626865,304
1.0,2021-01-22 13:14:00,2021-01-22 13:31:00,7361.375,7371.640625,60.0,58.0,trip,0,17.0,36.231617647058826,305
1.0,2021-01-22 13:31:00,2021-01-22 14:52:00,7371.640625,7384.21875,58.0,54.9,trip,0,81.0,9.31712962962963,306
1.0,2021-01-22 14:52:00,2021-01-22 15:07:00,7384.21875,7390.328125,54.9,53.7,trip,0,15.0,24.4375,307
1.0,2021-01-22 15:27:00,2021-01-22 15:30:00,7390.328125,7390.609375,52.9,52.9,trip,0,3.0,5.625,308
1.0,2021-01-22 15:34:00,2021-01-22 16:10:00,7390.609375,7413.34375,52.9,47.4,trip,0,36.0,37.890625,309
1.0,2021-01-22 16:36:00,2021-01-22 17:25:00,7413.34375,7435.921875,46.6,43.9,trip,0,49.0,27.64668367346939,310
1.0,2021-01-22 17:25:00,2021-01-22 18:00:00,7435.921875,7435.921875,43.9,49.0,charge,240,35.0,0.0,311
1.0,2021-01-22 18:00:00,2021-01-22 19:28:00,7435.921875,7437.140625,49.0,49.0,trip,0,88.0,0.8309659090909092,312
1.0,2021-01-22 19:28:00,2021-01-22 21:59:00,7437.140625,7520.953125,49.0,28.2,trip,0,151.0,33.30298013245033,313
1.0,2021-01-22 21:59:00,2021-01-23 11:03:00,7520.953125,7520.953125,28.2,50.9,charge,120,784.0,0.0,314
1.0,2021-01-23 11:03:00,2021-01-23 11:41:00,7520.953125,7551.140625,50.9,42.7,trip,0,38.0,47.66447368421053,315
1.0,2021-01-23 11:41:00,2021-01-23 17:03:00,7551.140625,7619.759321,42.7,41.5,trip,0,322.0,12.786092422360333,316
1.0,2021-01-23 17:03:00,2021-01-24 14:29:00,7619.759321,7619.759321,41.5,78.8,charge,120,1286.0,0.0,317
1.0,2021-01-24 14:29:00,2021-01-24 15:23:00,7619.759321,7631.140625,78.8,59.2,trip,0,54.0,12.645893333332827,318
1.0,2021-01-24 19:28:00,2021-01-24 20:56:00,7631.140625,7725.734375,60.0,30.5,trip,0,88.0,64.49573863636364,319
1.0,2021-01-24 21:30:00,2021-01-25 17:20:00,7725.734375,7725.734375,30.5,65.4,charge,120,1190.0,0.0,320
1.0,2021-01-25 17:20:00,2021-01-25 17:31:00,7725.734375,7727.453125,65.4,65.4,trip,0,11.0,9.375,321
1.0,2021-01-25 17:38:00,2021-01-25 17:40:00,7727.453125,7727.75,65.4,65.4,trip,0,2.0,8.90625,322
1.0,2021-01-25 17:48:00,2021-01-25 17:57:00,7727.75,7728.875,65.0,64.7,trip,0,9.0,7.5,323
1.0,2021-01-25 17:57:00,2021-01-26 11:15:00,7728.875,7728.875,64.7,96.4,charge,120,1038.0,0.0,324
1.0,2021-01-26 11:15:00,2021-01-26 12:17:00,7728.875,7813.734375,96.4,75.2,trip,0,62.0,82.1219758064516,325
1.0,2021-01-26 13:39:00,2021-01-26 14:52:00,7813.734375,7905.984375,75.2,45.4,trip,0,73.0,75.82191780821918,326
1.0,2021-01-26 14:57:00,2021-01-27 18:14:00,7905.984375,7905.984375,45.4,94.5,charge,120,1637.0,0.0,327
1.0,2021-01-27 18:14:00,2021-01-27 19:13:00,7905.984375,7990.921875,94.5,77.2,trip,0,59.0,86.3771186440678,328
1.0,2021-01-27 20:38:00,2021-01-27 20:57:00,7990.921875,7997.9375,76.0,74.5,trip,0,19.0,22.154605263157897,329
1.0,2021-01-27 21:00:00,2021-01-27 22:05:00,7997.953125,8083.625,74.5,51.3,trip,0,65.0,79.08173076923077,330
1.0,2021-01-27 22:05:00,2021-01-27 22:12:00,8083.625,8085.234375,51.3,51.3,trip,0,7.0,13.794642857142858,331
1.0,2021-01-27 22:22:00,2021-01-27 22:25:00,8085.234375,8086.484375,50.9,50.9,trip,0,3.0,25.0,332
1.0,2021-01-28 00:23:00,2021-01-28 09:24:00,8086.484375,8086.484375,50.9,66.6,charge,120,541.0,0.0,333
1.0,2021-01-28 09:24:00,2021-01-28 10:43:00,8086.484375,8165.046875,66.6,47.4,trip,0,79.0,59.66772151898734,334
1.0,2021-01-28 10:43:00,2021-01-28 10:53:00,8165.046875,8166.09375,47.4,47.4,trip,0,10.0,6.28125,335
1.0,2021-01-28 14:03:00,2021-01-28 14:21:00,8166.109375,8172.59375,47.0,45.4,trip,0,18.0,21.614583333333336,336
1.0,2021-01-28 14:22:00,2021-01-28 14:51:00,8172.59375,8172.59375,45.4,67.0,charge,0,29.0,0.0,337
1.0,2021-01-28 14:51:00,2021-01-28 15:02:00,8172.59375,8175.859375,67.0,67.0,trip,0,11.0,17.8125,338
1.0,2021-01-28 16:00:00,2021-01-28 16:03:00,8175.875,8176.671875,66.2,66.2,trip,0,3.0,15.9375,339
1.0,2021-01-28 19:54:00,2021-01-28 19:57:00,8176.671875,8176.765625,68.2,68.2,trip,0,3.0,1.875,340
1.0,2021-01-28 22:05:00,2021-01-28 22:56:00,8176.765625,8262.65625,67.8,36.0,trip,0,51.0,101.04779411764706,341
1.0,2021-01-28 23:38:00,2021-01-29 09:53:00,8262.65625,8262.65625,36.4,54.5,charge,120,615.0,0.0,342
1.0,2021-01-29 09:53:00,2021-01-29 10:31:00,8262.65625,8300.625,54.5,43.9,trip,0,38.0,59.95065789473684,343
1.0,2021-01-29 10:31:00,2021-01-29 10:32:00,8300.625,8300.625,43.9,43.9,trip,0,1.0,0.0,344
1.0,2021-01-29 10:35:00,2021-01-29 12:48:00,8300.625,8300.625,44.3,47.8,charge,120,133.0,0.0,345
1.0,2021-01-29 12:48:00,2021-01-29 15:16:00,8300.625,8379.4375,47.8,29.4,trip,0,148.0,31.951013513513512,346
1.0,2021-01-29 15:16:00,2021-01-29 15:20:00,8379.4375,8380.578125,29.4,29.4,trip,0,4.0,17.109375,347
1.0,2021-01-29 15:28:00,2021-01-29 15:47:00,8380.578125,8386.171875,29.0,28.2,trip,0,19.0,17.664473684210527,348
1.0,2021-01-29 15:48:00,2021-01-29 16:34:00,8386.171875,8386.171875,28.2,74.5,charge,0,46.0,0.0,349
1.0,2021-01-29 16:34:00,2021-01-29 17:07:00,8386.171875,8391.75,74.5,73.3,trip,0,33.0,10.142045454545453,350
1.0,2021-01-29 17:07:00,2021-01-29 17:23:00,8391.75,8397.921875,73.3,72.9,trip,0,16.0,23.14453125,351
1.0,2021-01-29 17:24:00,2021-01-29 18:04:00,8397.921875,8397.921875,72.9,78.8,charge,240,40.0,0.0,352
1.0,2021-01-29 18:04:00,2021-01-29 18:07:00,8397.921875,8399.125,78.8,78.8,trip,0,3.0,24.0625,353
1.0,2021-01-29 19:44:00,2021-01-29 20:49:00,8399.125,8484.921875,76.0,52.1,trip,0,65.0,79.19711538461539,354
1.0,2021-01-29 21:19:00,2021-01-31 12:52:00,8484.921875,8484.921875,52.1,100.0,charge,120,2373.0,0.0,355
1.0,2021-01-31 12:52:00,2021-01-31 13:41:00,8484.921875,8568.421875,100.0,78.8,trip,0,49.0,102.24489795918367,356
1.0,2021-01-31 13:43:00,2021-01-31 13:49:00,8568.421875,8570.1875,78.8,78.4,trip,0,6.0,17.65625,357
1.0,2021-01-31 13:49:00,2021-01-31 15:18:00,8570.1875,8577.0,78.4,76.4,trip,0,89.0,4.592696629213483,358
1.0,2021-01-31 15:18:00,2021-01-31 15:23:00,8577.0,8578.4375,76.4,76.4,trip,0,5.0,17.25,359
1.0,2021-01-31 19:35:00,2021-01-31 20:32:00,8578.4375,8657.546875,76.0,52.9,trip,0,57.0,83.27302631578948,360
1.0,2021-01-31 21:37:00,2021-02-01 19:23:00,8657.546875,8657.546875,52.9,78.0,charge,120,1306.0,0.0,361
1.0,2021-02-01 19:23:00,2021-02-01 19:34:00,8657.546875,8660.953125,78.0,78.0,trip,0,11.0,18.579545454545457,362
1.0,2021-02-01 20:21:00,2021-02-01 20:24:00,8660.953125,8661.140625,77.6,77.6,trip,0,3.0,3.75,363
1.0,2021-02-01 20:34:00,2021-02-01 20:41:00,8661.140625,8664.078125,77.6,77.2,trip,0,7.0,25.178571428571427,364
1.0,2021-02-01 20:41:00,2021-02-01 21:51:00,8664.078125,8665.969882,77.2,76.8,trip,0,70.0,1.6215059999994992,365
1.0,2021-02-01 21:51:00,2021-02-02 17:09:00,8665.969882,8665.969882,76.8,100.0,charge,120,1158.0,0.0,366
1.0,2021-02-02 17:09:00,2021-02-02 17:13:00,8665.969882,8666.078125,100.0,99.6,trip,0,4.0,1.6236450000087643,367
1.0,2021-02-02 17:29:00,2021-02-02 17:36:00,8666.078125,8668.390625,99.6,99.6,trip,0,7.0,19.82142857142857,368
1.0,2021-02-02 17:46:00,2021-02-02 17:49:00,8668.390625,8669.59375,99.2,99.2,trip,0,3.0,24.0625,369
1.0,2021-02-02 17:49:00,2021-02-03 21:46:00,8669.59375,8759.53125,99.2,77.2,trip,0,1677.0,3.217799642218247,370
1.0,2021-02-03 21:46:00,2021-02-03 21:51:00,8759.53125,8761.359375,77.2,77.2,trip,0,5.0,21.9375,371
1.0,2021-02-03 22:39:00,2021-02-03 23:40:00,8761.359375,8819.265625,76.4,61.9,trip,0,61.0,56.95696721311476,372
1.0,2021-02-03 23:47:00,2021-02-03 23:50:00,8819.265625,8820.390625,61.1,61.1,trip,0,3.0,22.5,373
1.0,2021-02-03 23:54:00,2021-02-04 00:19:00,8820.390625,8853.3125,61.1,50.9,trip,0,25.0,79.0125,374
1.0,2021-02-04 01:22:00,2021-02-04 09:52:00,8853.3125,8853.3125,50.9,65.4,charge,120,510.0,0.0,375
1.0,2021-02-04 09:52:00,2021-02-04 10:54:00,8853.3125,8932.078125,65.4,49.0,trip,0,62.0,76.22479838709677,376
1.0,2021-02-04 10:54:00,2021-02-04 13:26:00,8932.078125,8932.109375,49.0,48.2,trip,0,152.0,0.012335526315789474,377
1.0,2021-02-04 13:26:00,2021-02-04 14:22:00,8932.109375,9011.171875,48.2,25.0,trip,0,56.0,84.70982142857143,378
1.0,2021-02-04 14:36:00,2021-02-04 14:41:00,9011.1875,9014.0,25.0,23.5,trip,0,5.0,33.75,379
1.0,2021-02-04 14:42:00,2021-02-04 22:47:00,9014.0,9014.0,23.5,74.5,charge,0,485.0,0.0,380
1.0,2021-02-04 22:47:00,2021-02-04 22:53:00,9014.0,9016.859375,74.5,74.5,trip,0,6.0,28.59375,381
1.0,2021-02-04 22:55:00,2021-02-04 22:55:00,9016.859375,9016.875,74.5,74.5,trip,0,0.0,0.0,382
1.0,2021-02-04 23:25:00,2021-02-04 23:33:00,9016.875,9022.390625,74.5,72.9,trip,0,8.0,41.3671875,383
1.0,2021-02-04 23:33:00,2021-02-04 23:52:00,9022.390625,9022.390625,72.9,75.2,charge,240,19.0,0.0,384
1.0,2021-02-04 23:52:00,2021-02-04 23:57:00,9022.390625,9025.5,75.2,73.7,trip,0,5.0,37.3125,385
1.0,2021-02-05 01:25:00,2021-02-05 01:34:00,9025.5,9033.484375,74.9,74.1,trip,0,9.0,53.22916666666667,386
1.0,2021-02-05 18:00:00,2021-02-05 18:00:00,9033.484375,9033.546875,73.7,73.7,trip,0,0.0,0.0,387
1.0,2021-02-05 18:10:00,2021-02-05 19:13:00,9033.546875,9119.140625,73.7,55.6,trip,0,63.0,81.51785714285714,388
1.0,2021-02-05 19:13:00,2021-02-05 19:24:00,9119.140625,9119.15625,55.6,56.4,charge,240,11.0,0.08522727272727273,389
1.0,2021-02-05 19:24:00,2021-02-05 19:28:00,9119.15625,9120.3125,56.4,56.4,trip,0,4.0,17.34375,390
1.0,2021-02-05 22:27:00,2021-02-06 00:21:00,9120.3125,9214.28125,56.4,33.3,trip,0,114.0,49.45723684210527,391
1.0,2021-02-06 16:28:00,2021-02-06 16:36:00,9214.28125,9217.203125,32.5,32.1,trip,0,8.0,21.9140625,392
1.0,2021-02-06 16:37:00,2021-02-06 21:44:00,9217.203125,9217.203125,32.1,63.9,charge,0,307.0,0.0,393
1.0,2021-02-06 21:44:00,2021-02-06 21:59:00,9217.203125,9225.171875,63.9,63.9,trip,0,15.0,31.875,394
1.0,2021-02-06 21:59:00,2021-02-07 13:00:00,9225.171875,9234.015625,63.9,62.7,trip,0,901.0,0.5889289678135404,395
1.0,2021-02-07 13:00:00,2021-02-07 13:52:00,9234.015625,9319.453125,62.7,41.9,trip,0,52.0,98.58173076923076,396
1.0,2021-02-07 15:01:00,2021-02-07 15:15:00,9319.453125,9326.046875,41.5,40.7,trip,0,14.0,28.25892857142857,397
1.0,2021-02-07 15:15:00,2021-02-07 19:40:00,9326.046875,9327.125,40.7,38.4,trip,0,265.0,0.24410377358490565,398
1.0,2021-02-07 19:40:00,2021-02-07 21:00:00,9327.125,9421.515625,38.4,8.6,trip,0,80.0,70.79296875,399
1.0,2021-02-08 11:13:00,2021-02-08 11:14:00,9421.515625,9421.578125,10.9,10.9,trip,0,1.0,3.75,400
1.0,2021-02-08 14:41:00,2021-02-08 14:44:00,9421.578125,9423.296875,10.5,10.1,trip,0,3.0,34.375,401
1.0,2021-02-08 14:58:00,2021-02-08 15:03:00,9423.296875,9425.171875,10.1,10.1,trip,0,5.0,22.5,402
1.0,2021-02-08 17:25:00,2021-02-08 17:32:00,9425.171875,9428.0,9.8,8.6,trip,0,7.0,24.241071428571427,403
1.0,2021-02-08 17:34:00,2021-02-08 17:39:00,9428.0,9428.0,8.6,8.6,trip,0,5.0,0.0,404
1.0,2021-02-08 17:39:00,2021-02-08 18:01:00,9428.0,9436.203125,8.6,7.8,trip,0,22.0,22.372159090909093,405
1.0,2021-02-08 18:07:00,2021-02-08 18:54:00,9436.203125,9436.203125,7.8,58.0,charge,DCCharging,47.0,0.0,406
1.0,2021-02-08 18:54:00,2021-02-08 19:13:00,9436.203125,9436.203125,58.0,74.5,charge,DCCharging,19.0,0.0,407
1.0,2021-02-08 19:13:00,2021-02-08 19:23:00,9436.203125,9439.96875,74.5,73.3,trip,0,10.0,22.59375,408
1.0,2021-02-08 19:23:00,2021-02-08 19:27:00,9439.96875,9441.171875,73.3,72.9,trip,0,4.0,18.046875,409
1.0,2021-02-10 18:59:00,2021-02-10 19:00:00,9441.1875,9441.203125,71.3,71.3,trip,0,1.0,0.9375,410
1.0,2021-02-10 19:01:00,2021-02-11 09:55:00,9441.203125,9441.203125,71.3,100.0,charge,240,894.0,0.0,411
1.0,2021-02-11 09:55:00,2021-02-11 10:57:00,9441.203125,9520.515625,100.0,82.3,trip,0,62.0,76.75403225806451,412
1.0,2021-02-11 13:30:00,2021-02-11 14:24:00,9520.515625,9599.359375,81.9,60.0,trip,0,54.0,87.60416666666667,413
1.0,2021-02-11 14:25:00,2021-02-11 18:33:00,9599.359375,9599.359375,60.0,81.9,charge,240,248.0,0.0,414
1.0,2021-02-11 18:33:00,2021-02-11 18:43:00,9599.359375,9602.375,81.9,81.9,trip,0,10.0,18.09375,415
1.0,2021-02-11 18:51:00,2021-02-11 19:00:00,9602.375,9604.4375,81.5,81.1,trip,0,9.0,13.75,416
1.0,2021-02-11 19:05:00,2021-02-11 20:16:00,9604.4375,9690.875,80.7,62.7,trip,0,71.0,73.04577464788733,417
1.0,2021-02-11 21:12:00,2021-02-11 21:24:00,9690.875,9695.40625,61.9,61.5,trip,0,12.0,22.65625,418
1.0,2021-02-11 21:37:00,2021-02-11 23:04:00,9695.40625,9785.4375,61.1,36.8,trip,0,87.0,62.09051724137931,419
1.0,2021-02-11 23:05:00,2021-02-12 14:16:00,9785.4375,9785.4375,36.8,100.0,charge,240,911.0,0.0,420
1.0,2021-02-12 14:16:00,2021-02-12 14:30:00,9785.4375,9793.375,100.0,98.8,trip,0,14.0,34.01785714285714,421
1.0,2021-02-12 15:44:00,2021-02-12 15:58:00,9793.375,9801.546875,98.8,96.8,trip,0,14.0,35.02232142857143,422
1.0,2021-02-12 17:32:00,2021-02-12 19:03:00,9801.546875,9894.421875,96.0,74.1,trip,0,91.0,61.23626373626374,423
1.0,2021-02-12 20:06:00,2021-02-12 22:20:00,9894.421875,9980.3125,73.7,55.6,trip,0,134.0,38.45848880597015,424
1.0,2021-02-12 22:20:00,2021-02-13 12:32:00,9980.3125,9980.3125,55.6,100.0,charge,240,852.0,0.0,425
1.0,2021-02-13 12:32:00,2021-02-13 13:23:00,9980.3125,10062.89063,100.0,79.2,trip,0,51.0,97.15074117647045,426
1.0,2021-02-12 13:52:00,2021-02-12 13:53:00,10062.90625,10063.0625,78.8,78.8,trip,0,1.0,9.375,427
1.0,2021-02-12 13:53:00,2021-02-12 22:27:00,10063.0625,10063.09375,78.8,79.2,trip,0,514.0,0.0036478599221789884,428
1.0,2021-02-12 22:27:00,2021-02-12 23:16:00,10063.09375,10142.79688,79.2,56.0,trip,0,49.0,97.59566938775495,429
2.0,2021-05-15 03:09:00,2021-05-15 17:21:00,4585.78125,4585.78125,27.4,44.7,charge,120,852.0,0.0,430
2.0,2021-05-15 17:21:00,2021-05-15 17:41:00,4585.78125,4595.21875,44.7,43.5,trip,0,20.0,28.3125,431
2.0,2021-05-15 17:42:00,2021-05-15 18:29:00,4595.21875,4595.21875,43.5,79.6,charge,DCCharging,47.0,0.0,432
2.0,2021-05-15 18:29:00,2021-05-15 18:53:00,4595.21875,4609.0,79.6,77.6,trip,0,24.0,34.453125,433
2.0,2021-05-15 18:56:00,2021-05-15 19:22:00,4609.0,4624.34375,77.6,74.9,trip,0,26.0,35.40865384615385,434
2.0,2021-05-15 19:24:00,2021-05-16 00:11:00,4624.34375,4792.734375,74.9,41.9,trip,0,287.0,35.2036149825784,435
2.0,2021-05-16 00:17:00,2021-05-16 00:29:00,4792.734375,4802.703125,41.9,40.3,trip,0,12.0,49.84375,436
2.0,2021-05-16 00:30:00,2021-05-16 00:34:00,4802.703125,4802.703125,40.3,40.7,charge,240,4.0,0.0,437
2.0,2021-05-16 00:34:00,2021-05-16 02:58:00,4802.703125,4906.609375,40.7,21.1,trip,0,144.0,43.294270833333336,438
2.0,2021-05-16 02:59:00,2021-05-16 15:42:00,4906.609375,4906.609375,21.1,36.8,charge,120,763.0,0.0,439
2.0,2021-05-16 15:42:00,2021-05-16 15:59:00,4906.609375,4916.046875,36.8,35.6,trip,0,17.0,33.30882352941177,440
2.0,2021-05-16 16:00:00,2021-05-16 17:00:00,4916.046875,4916.046875,35.6,85.0,charge,DCCharging,60.0,0.0,441
2.0,2021-05-16 17:00:00,2021-05-16 17:10:00,4916.046875,4922.90625,85.0,83.9,trip,0,10.0,41.15625,442
2.0,2021-05-16 18:40:00,2021-05-16 19:33:00,4930.921875,4967.875,81.5,75.6,trip,0,53.0,41.83372641509434,443
2.0,2021-05-16 19:34:00,2021-05-16 21:46:00,4967.875,5073.09375,75.6,53.7,trip,0,132.0,47.82670454545454,444
2.0,2021-05-16 21:47:00,2021-05-16 23:47:00,5073.09375,5073.09375,53.7,55.6,charge,120,120.0,0.0,445
2.0,2021-05-16 23:47:00,2021-05-17 02:15:00,5073.09375,5156.3125,55.6,40.7,trip,0,148.0,33.73733108108108,446
2.0,2021-05-17 02:16:00,2021-05-17 12:48:00,5156.3125,5156.3125,40.7,53.3,charge,120,632.0,0.0,447
2.0,2021-05-17 12:48:00,2021-05-17 13:04:00,5156.3125,5161.515625,53.3,52.5,trip,0,16.0,19.51171875,448
2.0,2021-05-17 13:07:00,2021-05-17 13:07:00,5161.515625,5161.53125,52.1,52.1,trip,0,0.0,0.0,449
2.0,2021-05-17 13:54:00,2021-05-17 14:19:00,5161.53125,5171.65625,52.1,50.9,trip,0,25.0,24.299999999999997,450
2.0,2021-05-17 14:20:00,2021-05-17 16:10:00,5171.65625,5171.65625,50.9,52.9,charge,120,110.0,0.0,451
2.0,2021-05-17 16:10:00,2021-05-17 19:51:00,5171.65625,5301.796875,52.9,29.4,trip,0,221.0,35.3322963800905,452
2.0,2021-05-17 19:55:00,2021-05-17 20:34:00,5301.796875,5318.875,29.4,27.0,trip,0,39.0,26.27403846153846,453
2.0,2021-05-17 20:36:00,2021-05-17 20:46:00,5318.875,5320.609375,27.0,27.0,trip,0,10.0,10.40625,454
2.0,2021-05-17 20:47:00,2021-05-17 21:47:00,5320.609375,5320.609375,27.0,35.2,charge,240,60.0,0.0,455
2.0,2021-05-17 21:47:00,2021-05-17 22:02:00,5320.609375,5328.546875,35.2,33.7,trip,0,15.0,31.75,456
2.0,2021-05-17 22:02:00,2021-05-17 22:17:00,5328.546875,5335.984375,33.7,32.5,trip,0,15.0,29.75,457
2.0,2021-05-17 22:18:00,2021-05-18 00:07:00,5335.984375,5335.984375,32.5,34.5,charge,120,109.0,0.0,458
2.0,2021-05-18 00:07:00,2021-05-18 00:35:00,5335.984375,5352.0625,34.5,32.1,trip,0,28.0,34.453125,459
2.0,2021-05-18 00:36:00,2021-05-18 01:37:00,5352.0625,5352.0625,32.1,82.7,charge,DCCharging,61.0,0.0,460
2.0,2021-05-18 01:37:00,2021-05-18 02:36:00,5352.0625,5392.28125,82.7,72.1,trip,0,59.0,40.900423728813564,461
2.0,2021-05-18 02:37:00,2021-05-18 12:09:00,5392.28125,5392.28125,72.1,83.5,charge,120,572.0,0.0,462
2.0,2021-05-18 12:09:00,2021-05-18 13:57:00,5392.28125,5484.109375,83.5,65.4,trip,0,108.0,51.015625,463
2.0,2021-05-18 14:24:00,2021-05-18 18:16:00,5484.109375,5648.609375,65.4,32.9,trip,0,232.0,42.543103448275865,464
2.0,2021-05-18 18:34:00,2021-05-18 19:31:00,5648.609375,5648.609375,32.9,34.1,charge,120,57.0,0.0,465
2.0,2021-05-18 19:31:00,2021-05-18 19:50:00,5648.609375,5660.828125,34.1,32.1,trip,0,19.0,38.58552631578947,466
2.0,2021-05-18 21:01:00,2021-05-18 21:08:00,5660.828125,5662.734375,32.1,32.1,trip,0,7.0,16.339285714285715,467
2.0,2021-05-18 21:09:00,2021-05-18 22:10:00,5662.734375,5662.734375,32.1,81.5,charge,0,61.0,0.0,468
2.0,2021-05-18 22:10:00,2021-05-18 23:57:00,5662.734375,5761.390625,81.5,61.1,trip,0,107.0,55.32126168224299,469
2.0,2021-05-18 23:58:00,2021-05-19 00:30:00,5761.390625,5783.21875,61.1,56.0,trip,0,32.0,40.927734375,470
2.0,2021-05-19 00:31:00,2021-05-19 01:22:00,5783.21875,5783.21875,56.0,56.8,charge,120,51.0,0.0,471
2.0,2021-05-19 01:22:00,2021-05-19 02:27:00,5783.21875,5850.03125,56.8,42.3,trip,0,65.0,61.67307692307693,472
2.0,2021-05-19 02:27:00,2021-05-19 10:08:00,5850.03125,5850.03125,42.3,51.7,charge,120,461.0,0.0,473
2.0,2021-05-19 10:08:00,2021-05-19 11:29:00,5850.03125,5906.265625,51.7,41.1,trip,0,81.0,41.65509259259259,474
2.0,2021-05-19 11:31:00,2021-05-19 12:31:00,5906.265625,5906.265625,41.1,83.1,charge,DCCharging,60.0,0.0,475
2.0,2021-05-19 12:31:00,2021-05-19 12:46:00,5906.265625,5915.03125,83.1,81.1,trip,0,15.0,35.0625,476
2.0,2021-05-19 13:48:00,2021-05-19 13:59:00,5915.03125,5918.46875,81.1,80.7,trip,0,11.0,18.75,477
2.0,2021-05-19 14:05:00,2021-05-19 14:24:00,5918.46875,5928.3125,80.3,79.6,trip,0,19.0,31.085526315789476,478
2.0,2021-05-19 14:29:00,2021-05-19 16:09:00,5928.3125,6001.046875,79.6,65.0,trip,0,100.0,43.640625,479
2.0,2021-05-19 16:29:00,2021-05-19 16:33:00,6001.046875,6001.046875,64.7,64.7,trip,0,4.0,0.0,480
2.0,2021-05-19 16:33:00,2021-05-19 18:16:00,6001.046875,6051.25,64.7,54.9,trip,0,103.0,29.24453883495146,481
2.0,2021-05-19 18:33:00,2021-05-19 18:51:00,6051.25,6063.265625,54.9,52.9,trip,0,18.0,40.052083333333336,482
2.0,2021-05-19 18:51:00,2021-05-19 21:05:00,6063.265625,6063.265625,52.9,72.9,charge,240,134.0,0.0,483
2.0,2021-05-19 21:05:00,2021-05-19 21:35:00,6063.265625,6078.125,72.9,69.8,trip,0,30.0,29.71875,484
2.0,2021-05-19 21:36:00,2021-05-20 10:29:00,6078.125,6078.125,69.8,85.0,charge,120,773.0,0.0,485
2.0,2021-05-20 10:29:00,2021-05-20 14:14:00,6078.125,6243.375,85.0,48.6,trip,0,225.0,44.06666666666667,486
2.0,2021-05-20 14:25:00,2021-05-20 14:44:00,6243.375,6250.46875,48.6,47.4,trip,0,19.0,22.401315789473685,487
2.0,2021-05-20 14:45:00,2021-05-20 15:05:00,6250.46875,6260.734375,47.4,45.0,trip,0,20.0,30.796875,488
2.0,2021-05-20 15:07:00,2021-05-20 19:20:00,6260.734375,6411.953125,45.0,17.2,trip,0,253.0,35.862154150197625,489
2.0,2021-05-20 19:21:00,2021-05-20 20:22:00,6411.953125,6411.953125,17.2,69.0,charge,DCCharging,61.0,0.0,490
2.0,2021-05-20 20:22:00,2021-05-20 20:31:00,6411.953125,6415.640625,69.0,68.6,trip,0,9.0,24.583333333333336,491
2.0,2021-05-20 20:46:00,2021-05-20 20:58:00,6415.0,6422.0,67.8,67.0,trip,0,12.0,35.0,492
2.0,2021-05-20 20:59:00,2021-05-20 23:20:00,6422.5625,6422.5625,67.0,69.4,charge,120,141.0,0.0,493
2.0,2021-05-20 23:20:00,2021-05-21 00:36:00,6422.5625,6489.46875,69.4,55.6,trip,0,76.0,52.82072368421053,494
2.0,2021-05-21 00:36:00,2021-05-21 10:03:00,6489.46875,6489.46875,55.6,66.6,charge,120,567.0,0.0,495
2.0,2021-05-21 10:03:00,2021-05-21 11:54:00,6489.46875,6575.015625,66.6,49.0,trip,0,111.0,46.24155405405405,496
2.0,2021-05-21 11:55:00,2021-05-21 12:43:00,6575.015625,6575.015625,49.0,80.0,charge,DCCharging,48.0,0.0,497
2.0,2021-05-21 12:43:00,2021-05-21 14:44:00,6575.015625,6681.359375,80.0,59.2,trip,0,121.0,52.732438016528924,498
2.0,2021-05-21 14:54:00,2021-05-21 17:52:00,6681.359375,6774.09375,59.2,40.3,trip,0,178.0,31.258778089887638,499
2.0,2021-05-21 17:53:00,2021-05-21 18:39:00,6774.09375,6774.09375,40.3,41.1,charge,120,46.0,0.0,500
2.0,2021-05-21 18:39:00,2021-05-21 19:07:00,6774.09375,6790.234375,41.1,38.8,trip,0,28.0,34.58705357142857,501
2.0,2021-05-21 19:12:00,2021-05-21 19:33:00,6790.234375,6801.5625,38.4,36.4,trip,0,21.0,32.36607142857143,502
2.0,2021-05-21 19:33:00,2021-05-21 21:39:00,6801.5625,6801.5625,36.4,38.4,charge,120,126.0,0.0,503
2.0,2021-05-21 21:39:00,2021-05-21 22:15:00,6801.5625,6816.40625,38.4,36.0,trip,0,36.0,24.739583333333336,504
2.0,2021-05-21 22:35:00,2021-05-21 23:31:00,6816.40625,6844.453125,36.0,31.7,trip,0,56.0,30.050223214285715,505
2.0,2021-05-21 23:32:00,2021-05-22 00:25:00,6844.453125,6844.453125,31.7,76.4,charge,DCCharging,53.0,0.0,506
2.0,2021-05-22 00:25:00,2021-05-22 00:30:00,6844.453125,6846.171875,76.4,76.4,trip,0,5.0,20.625,507
2.0,2021-05-22 00:32:00,2021-05-22 01:00:00,6846.171875,6857.265625,76.4,73.7,trip,0,28.0,23.772321428571427,508
2.0,2021-05-22 01:01:00,2021-05-22 10:02:00,6857.265625,6857.265625,73.7,84.3,charge,120,541.0,0.0,509
2.0,2021-05-22 10:02:00,2021-05-22 11:26:00,6857.265625,6903.546875,84.3,75.6,trip,0,84.0,33.058035714285715,510
2.0,2021-05-22 11:38:00,2021-05-22 12:37:00,6903.546875,6941.0,75.6,68.2,trip,0,59.0,38.087923728813564,511
2.0,2021-05-22 12:39:00,2021-05-22 12:51:00,6941.0,6950.859375,68.2,65.4,trip,0,12.0,49.296875,512
2.0,2021-05-22 12:52:00,2021-05-22 13:45:00,6950.859375,6950.859375,65.4,65.8,charge,120,53.0,0.0,513
2.0,2021-05-22 13:45:00,2021-05-22 14:28:00,6950.859375,6974.71875,65.8,61.9,trip,0,43.0,33.292151162790695,514
2.0,2021-05-22 14:30:00,2021-05-22 14:34:00,6974.71875,6976.5,61.9,61.9,trip,0,4.0,26.71875,515
2.0,2021-05-22 14:34:00,2021-05-22 14:53:00,6976.5,6976.5,61.9,64.3,charge,240,19.0,0.0,516
2.0,2021-05-22 14:53:00,2021-05-22 15:26:00,6976.5,6988.34375,64.3,61.9,trip,0,33.0,21.534090909090907,517
2.0,2021-05-22 15:27:00,2021-05-22 16:03:00,6988.34375,6988.34375,61.9,62.7,charge,120,36.0,0.0,518
2.0,2021-05-22 16:03:00,2021-05-22 18:29:00,6988.34375,7096.46875,62.7,42.7,trip,0,146.0,44.43493150684932,519
1.0,2021-02-13 23:18:00,2021-02-15 11:09:00,10142.79688,10142.79688,56.0,100.0,charge,240,2151.0,0.0,520
1.0,2021-02-15 11:09:00,2021-02-15 12:05:00,10142.79688,10210.1875,100.0,83.1,trip,0,56.0,72.20423571428584,521
1.0,2021-02-15 12:05:00,2021-02-15 13:08:00,10210.1875,10210.21875,83.1,82.7,trip,0,63.0,0.02976190476190476,522
1.0,2021-02-15 13:08:00,2021-02-15 13:15:00,10210.21875,10212.20313,82.7,82.7,trip,0,7.0,17.008971428570344,523
1.0,2021-02-15 15:30:00,2021-02-15 16:11:00,10212.20313,10272.75,81.9,65.4,trip,0,41.0,88.60517560975629,524
1.0,2021-02-15 16:11:00,2021-02-15 22:37:00,10272.75,10272.75,65.4,100.0,charge,240,386.0,0.0,525
1.0,2021-02-15 22:37:00,2021-02-16 13:13:00,10272.75,10277.89063,100.0,100.0,trip,0,876.0,0.35209794520547083,526
1.0,2021-02-16 13:13:00,2021-02-16 13:23:00,10277.89063,10282.57813,100.0,98.8,trip,0,10.0,28.125,527
1.0,2021-02-16 13:23:00,2021-02-17 18:51:00,10282.57813,10411.04688,98.8,70.1,trip,0,1768.0,4.359799208144796,528
1.0,2021-02-17 18:51:00,2021-02-17 19:14:00,10411.04688,10415.17188,70.1,69.4,trip,0,23.0,10.76086956521739,529
1.0,2021-02-17 20:26:00,2021-02-17 22:05:00,10415.17188,10500.6875,69.8,50.1,trip,0,99.0,51.82764848484857,530
1.0,2021-02-17 22:06:00,2021-02-18 09:55:00,10500.6875,10500.70313,50.1,100.0,charge,240,709.0,0.0013227080394815534,531
1.0,2021-02-18 09:55:00,2021-02-18 09:56:00,10500.70313,10500.71875,100.0,100.0,trip,0,1.0,0.9372000000075786,532
1.0,2021-02-18 09:56:00,2021-02-22 15:22:00,10500.71875,10500.75,100.0,100.0,trip,0,6086.0,0.0003080841275057509,533
1.0,2021-02-22 15:22:00,2021-02-22 15:27:00,10500.75,10502.40625,100.0,100.0,trip,0,5.0,19.875,534
1.0,2021-02-22 15:49:00,2021-02-22 15:56:00,10502.40625,10504.34375,99.6,99.6,trip,0,7.0,16.607142857142858,535
1.0,2021-02-23 13:01:00,2021-02-23 13:02:00,10504.35938,10504.375,98.8,98.8,trip,0,1.0,0.9372000000075786,536
1.0,2021-02-23 23:12:00,2021-02-23 23:27:00,10504.375,10522.6875,98.8,93.7,trip,0,15.0,73.25,537
1.0,2021-02-24 01:04:00,2021-02-24 01:33:00,10522.6875,10542.9375,92.9,87.0,trip,0,29.0,41.89655172413793,538
1.0,2021-02-24 01:34:00,2021-02-24 03:58:00,10542.9375,10542.9375,87.0,100.0,charge,240,144.0,0.0,539
1.0,2021-02-24 03:58:00,2021-02-24 14:10:00,10542.9375,10542.96875,100.0,100.0,trip,0,612.0,0.003063725490196079,540
1.0,2021-02-24 14:10:00,2021-02-24 14:17:00,10542.96875,10544.8125,100.0,100.0,trip,0,7.0,15.803571428571429,541
1.0,2021-02-24 14:19:00,2021-02-24 15:13:00,10544.8125,10628.625,100.0,81.5,trip,0,54.0,93.125,542
1.0,2021-02-24 15:13:00,2021-02-24 15:38:00,10628.625,10632.57813,81.5,80.3,trip,0,25.0,9.487511999999697,543
1.0,2021-02-24 15:38:00,2021-02-24 17:10:00,10632.57813,10716.6875,80.3,59.6,trip,0,92.0,54.85393695652182,544
1.0,2021-02-24 17:13:00,2021-02-24 17:27:00,10716.6875,10722.78125,59.2,58.0,trip,0,14.0,26.116071428571427,545
1.0,2021-02-25 11:24:00,2021-02-25 12:57:00,10722.79688,10722.79688,58.4,67.0,charge,240,93.0,0.0,546
1.0,2021-02-25 12:57:00,2021-02-25 12:57:00,10722.79688,10722.8125,67.0,67.0,trip,0,0.0,0.0,547
1.0,2021-02-25 12:58:00,2021-02-25 17:40:00,10722.8125,10722.8125,67.0,93.3,charge,240,282.0,0.0,548
1.0,2021-02-25 17:40:00,2021-02-25 17:54:00,10722.8125,10730.67188,93.3,92.1,trip,0,14.0,33.6830571428566,549
1.0,2021-02-25 18:46:00,2021-02-25 20:00:00,10730.67188,10812.1875,92.1,74.9,trip,0,74.0,66.09374594594604,550
1.0,2021-02-25 21:59:00,2021-02-25 22:13:00,10812.1875,10827.82813,73.7,69.0,trip,0,14.0,67.03127142857089,551
1.0,2021-02-25 23:42:00,2021-02-26 01:09:00,10827.82813,10933.90625,69.0,33.3,trip,0,87.0,73.15732413793113,552
1.0,2021-02-26 01:11:00,2021-02-26 15:25:00,10933.90625,10933.90625,33.3,100.0,charge,240,854.0,0.0,553
1.0,2021-02-26 15:25:00,2021-02-26 16:42:00,10933.90625,11017.64063,100.0,83.1,trip,0,77.0,65.24756883116872,554
1.0,2021-02-26 16:42:00,2021-02-26 17:27:00,11017.64063,11034.1875,83.1,78.4,trip,0,45.0,22.062493333333503,555
1.0,2021-02-26 17:27:00,2021-02-26 18:17:00,11034.1875,11052.39063,78.4,75.6,trip,0,50.0,21.843755999999846,556
1.0,2021-02-26 20:37:00,2021-02-26 22:31:00,11052.39063,11137.67188,75.6,58.8,trip,0,114.0,44.88486842105264,557
1.0,2021-02-26 22:32:00,2021-02-27 15:04:00,11137.67188,11137.67188,58.8,100.0,charge,240,992.0,0.0,558
1.0,2021-02-27 15:04:00,2021-02-27 15:44:00,11137.67188,11156.71875,100.0,95.6,trip,0,40.0,28.57030500000019,559
1.0,2021-02-27 17:28:00,2021-02-27 17:56:00,11156.71875,11169.60938,95.2,92.5,trip,0,28.0,27.6227785714283,560
1.0,2021-02-27 18:16:00,2021-02-27 18:29:00,11169.60938,11175.98438,92.1,90.9,trip,0,13.0,29.423076923076923,561
1.0,2021-02-27 18:29:00,2021-02-27 21:50:00,11175.98438,11244.72859,90.9,90.1,trip,0,201.0,20.52065970149276,562
1.0,2021-02-27 21:50:00,2021-02-28 12:08:00,11244.72859,11244.72859,90.1,100.0,charge,240,858.0,0.0,563
1.0,2021-02-28 12:08:00,2021-02-28 12:58:00,11244.72859,11261.76563,100.0,80.3,trip,0,50.0,20.444447999999102,564
1.0,2021-02-28 14:08:00,2021-02-28 14:14:00,11261.76563,11263.51563,79.6,79.2,trip,0,6.0,17.5,565
1.0,2021-02-28 14:24:00,2021-02-28 15:22:00,11263.53125,11347.67188,79.2,55.6,trip,0,58.0,87.04203103448263,566
1.0,2021-02-28 15:24:00,2021-03-01 17:38:00,11347.67188,11347.67188,55.6,100.0,charge,240,1574.0,0.0,567
1.0,2021-03-01 17:38:00,2021-03-01 19:15:00,11347.67188,11469.78125,100.0,70.1,trip,0,97.0,75.53156907216503,568
1.0,2021-03-01 19:25:00,2021-03-01 19:29:00,11469.78125,11471.03125,70.1,70.1,trip,0,4.0,18.75,569
1.0,2021-03-01 21:38:00,2021-03-01 22:55:00,11471.03125,11592.375,70.1,33.3,trip,0,77.0,94.55357142857142,570
1.0,2021-03-01 22:56:00,2021-03-02 11:19:00,11592.375,11592.375,33.3,100.0,charge,240,743.0,0.0,571
1.0,2021-03-02 11:19:00,2021-03-02 11:22:00,11592.375,11593.625,100.0,100.0,trip,0,3.0,25.0,572
1.0,2021-03-02 11:22:00,2021-03-02 15:01:00,11593.625,11678.8125,100.0,81.9,trip,0,219.0,23.339041095890412,573
1.0,2021-03-02 15:01:00,2021-03-02 16:58:00,11678.8125,11770.79688,81.9,58.4,trip,0,117.0,47.17147692307686,574
1.0,2021-03-02 20:57:00,2021-03-03 18:53:00,11770.79688,11770.79688,58.8,100.0,charge,240,1316.0,0.0,575
1.0,2021-03-03 18:53:00,2021-03-03 19:57:00,11770.79688,11858.32813,100.0,82.3,trip,0,64.0,82.060546875,576
1.0,2021-03-03 19:57:00,2021-03-03 21:31:00,11858.32813,11859.17188,82.3,81.5,trip,0,94.0,0.538563829787234,577
1.0,2021-03-03 21:31:00,2021-03-03 21:58:00,11859.17188,11888.78125,81.5,74.1,trip,0,27.0,65.79860000000028,578
1.0,2021-03-03 22:11:00,2021-03-03 22:16:00,11888.78125,11890.4375,73.7,73.7,trip,0,5.0,19.875,579
1.0,2021-03-03 22:47:00,2021-03-03 23:24:00,11890.4375,11948.375,72.9,55.2,trip,0,37.0,93.9527027027027,580
1.0,2021-03-03 23:27:00,2021-03-04 11:41:00,11948.375,11948.375,55.2,100.0,charge,240,734.0,0.0,581
